Serial Number,List Year,Date Recorded,Town,Address,Assessed Value,Sale Amount,Sales Ratio,Property Type,Residential Type,Non Use Code,Assessor Remarks,OPM remarks,Location
2020348,2020,09/13/2021,Ansonia,230 WAKELEE AVE,150500.00,325000.00,0.463,Commercial,,,,,
20002,2020,10/02/2020,Ashford,390 TURNPIKE RD,253000.00,430000.00,0.5883,Residential,Single Family,,,,
210317,2021,07/05/2022,Avon,53 COTSWOLD WAY,329730.00,805000.00,0.4096,Residential,Single Family,,,,POINT (-72.846365959 41.781677018)
200212,2020,03/09/2021,Avon,5 CHESTNUT DRIVE,130400.00,179900.00,0.7248,Residential,Condo,,,,
200243,2020,04/13/2021,Avon,111 NORTHINGTON DRIVE,619290.00,890000.00,0.6958,Residential,Single Family,,,,
200377,2020,07/02/2021,Avon,70 FAR HILLS DRIVE,862330.00,1447500.00,0.5957,Residential,Single Family,,,,
200109,2020,12/09/2020,Avon,57 FAR HILLS DRIVE,847520.00,1250000.00,0.678,Residential,Single Family,,,,
2020180,2020,03/01/2021,Berlin,1539 FARMINGTON AVE,234200.00,130000.00,1.8015,Residential,Two Family,08 - Part Interest,,,
2020313,2020,07/01/2021,Berlin,216 WATCH HILL RD,412000.00,677500.00,0.6081,Residential,Single Family,,,,
200097,2020,06/04/2021,Bethany,23 AMITY RD,511000.00,795000.00,0.6427,Commercial,,,,,
210045,2021,04/29/2022,Bethlehem,89 LONG MEADOW RD,229900.00,561850.00,0.4091,Residential,Single Family,,,,POINT (-73.21257902 41.666959986)
210101,2021,12/20/2021,Bloomfield,43 LEDYARD AVE,111580.00,209000.00,0.5338,Residential,Single Family,,,,POINT (-72.690802027 41.821341986)
20139,2020,12/16/2020,Bethel,16 DEEPWOOD DRIVE,171360.00,335000.00,0.5115,Residential,Single Family,,,,
200086,2020,08/10/2021,Bethlehem,39 WOODLAND RD,168900.00,352000.00,0.4798,Residential,Single Family,,,,POINT (-73.18197 41.64672)
2000381,2020,09/13/2021,Bloomfield,9 SADDLE RIDGE,163730.00,250000.00,0.6549,Residential,Condo,,,,
200258,2020,01/22/2021,Branford,34 SUNRISE COVE CAMP,530500.00,700000.00,0.7578,Residential,Single Family,,WATERFRONT/COTTAGE ONLY/LAND IS ASSOCIATION OWNED,,
210035,2021,10/20/2021,Branford,25 QUARRY DOCK RD,208100.00,448000.00,0.4645,Residential,Condo,,,,POINT (-72.815906039 41.268214998)
210748,2021,01/14/2022,Bridgeport,360 VINCELLETTE ST,160776.00,315000.00,0.5104,Residential,Single Family,,,,POINT (-73.219385964 41.215379001)
200804,2020,09/28/2021,Branford,119 MONTOWESE ST,455100.00,650000.00,0.7001,Commercial,,,,,
201295,2020,09/09/2021,Bristol,609 CAMP ST,144340.00,249900.00,0.5775,Residential,Single Family,,,,
200032,2020,10/08/2020,Bristol,9 LESLIE COURT,94920.00,155000.00,0.6123,Residential,Single Family,,,,
211762,2021,06/21/2022,Bridgeport,38 RIVERVIEW DR,86990.00,247000.00,0.3521,Residential,Condo,,,,POINT (-73.223086993 41.213277993)
200354,2020,12/29/2020,Bristol,391 TIFFANY LA,173740.00,299000.00,0.581,Residential,Single Family,,,,
200527,2020,03/01/2021,Bristol,25 WARD ST,85680.00,183000.00,0.4681,Residential,Two Family,,,,
211997,2021,08/02/2022,Bridgeport,1963 MAIN ST,257910.00,500000.00,0.5158,Commercial,,,,,POINT (-73.196744012 41.189862979)
201212,2020,08/23/2021,Bristol,8 JENNINGS TERR,88060.00,91000.00,0.9676,Residential,Single Family,14 - Foreclosure,FORECLOSURE SALE OUT OF BANK,,
20000050,2020,11/05/2020,Brookfield,4 CHELSEA CT,105110.00,160000.00,0.6569375,Residential,Condo,,,,
20000179,2020,02/22/2021,Brookfield,72 HOMESTEAD LN,94770.00,170000.00,0.5574,Residential,Condo,,,,
210530,2021,02/09/2022,Bristol,68 JUDSON AVENUE,76580.00,190000.00,0.403,Residential,Single Family,,,,POINT (-72.954410032 41.664379994)
200042,2020,05/19/2021,Canaan,93 MAIN ST,355800.00,599000.00,0.5939,Residential,Two Family,,,,
200117,2020,04/12/2021,Canton,52 COUNTRY LANE,160850.00,280000.00,0.5744,Residential,Single Family,,,,
2000230,2020,03/16/2021,Cheshire,50 ABBEY CT,210940.00,365000.00,0.5779,Residential,Single Family,,,,
2000330,2020,05/20/2021,Cheshire,844 HIGHLAND AVE,144220.00,204000.00,0.7069,Residential,Single Family,25 - Other,DEFERRED MAINTENANCE,,
200078,2020,09/20/2021,Chester,6 SUNSET AVE,250100.00,418800.00,0.5971,Residential,Single Family,,,,
200268,2020,07/09/2021,Colchester,347 CABIN RD,104000.00,350000.00,0.2971,Vacant Land,,,,,
200035,2020,10/29/2020,Colchester,160 SHADBUSH DR,223900.00,392000.00,0.5711,Residential,Single Family,,,,
200024,2020,11/09/2020,Columbia,WEBSTER LANE,60300.00,75000.00,0.804,Vacant Land,,,,,
200074,2020,09/01/2021,Cornwall,131 KENT RD,246100.00,385000.00,0.6392,Commercial,,,,,
200101,2020,01/07/2021,Coventry,74 LAKEVIEW DR,142800.00,245000.00,0.5828,Residential,Single Family,,,,
200282,2020,07/15/2021,Coventry,1467 SOUTH ST,359800.00,480000.00,0.7495,Commercial,,,,,
21055,2021,05/05/2022,Canterbury,159 BARSTOW RD,35700.00,70000.00,0.51,Vacant Land,,,,,POINT (-72.004670737 41.71535266)
200039,2020,11/06/2020,Coventry,2075 MAIN ST,43700.00,25000.00,1.748,Vacant Land,,,,,
201328,2020,08/06/2021,Cromwell,6 BELHAVEN,410670.00,740000.00,0.5549,Residential,Condo,,,,
200077,2020,12/08/2020,Cromwell,60 NORTH RD,174650.00,259000.00,0.6743,Vacant Land,,,,,
200195,2020,04/26/2021,Cromwell,34 SHUNPIKE ROAD,3360000.00,5214750.00,0.6443,Commercial,,,,,
200742,2020,03/29/2021,Danbury,17 OHEHYAHTAH PL,339100.00,550000.00,0.6165,Residential,Single Family,,H16095,,
200886,2020,05/03/2021,Danbury,86 MERRIMAC ST B,189800.00,240000.00,0.7908,Residential,Condo,,G16159-2,,
200938,2020,05/13/2021,Danbury,15-17 BOUGHTON ST #1-5,118900.00,230000.00,0.5169,Residential,Condo,,I14129-5,,
201018,2020,06/03/2021,Danbury,55 FOREST AV,136900.00,150000.00,0.9126,Residential,Single Family,01 - Family,FAMILY TRANSFER / I11200,,
201186,2020,07/12/2021,Danbury,28 MAIN ST,695500.00,3200000.00,0.21734375,Commercial,,,I15336,GAS STATION,
201443,2020,09/01/2021,Danbury,4 COOPER RD,158700.00,325000.00,0.4883,Residential,Single Family,,C05026,,
201580,2020,09/27/2021,Danbury,25 CROWN ST,192300.00,525000.00,0.366285714,Residential,Two Family,,J12167,GOOD SALE PER MLS,
200408,2020,12/24/2020,Danbury,15 SCUPPO RD 1503,130800.00,260000.00,0.503,Residential,Condo,,F14068-1503,,
20129,2020,03/30/2021,Derby,196 ELIZABETH ST,351260.00,873000.00,0.4023,Commercial,,,,,
20013,2020,12/16/2020,Eastford,GENERAL LYON RD,2200.00,20000.00,0.11,Vacant Land,,12 - Non Buildable Lot,UNBLDBL,,
200215,2020,06/04/2021,East Haddam,SHANAGHAN RD,51690.00,65000.00,0.7952,Vacant Land,,,,,
210098,2021,10/20/2021,Danbury,19 GLEN RD,202500.00,460000.00,0.4402,Residential,Single Family,,K09024,,POINT (-73.433336976 41.41978399)
200242,2020,01/27/2021,East Haven,130 COE AVE #51,28240.00,73000.00,0.386849315,Residential,Condo,,,GOOD SALE PER MLS,
10095,2001,11/16/2001,Farmington,5 SPARROW LN,67670.00,302866.00,0.223432145,,,7,,,
200375,2020,04/06/2021,East Haven,55 THOMPSON ST #5A,76960.00,140000.00,0.5497,Residential,Condo,,,,
11238,2001,08/30/2002,Bethel,50 FOURTH ST,76450.00,50000.00,1.529,,,8,,,
10035,2001,06/28/2002,Chaplin,FEDERAL RD,19000.00,35000.00,0.542857143,,,,,,
10115,2001,02/01/2002,Clinton,42 PRATT RD,121900.00,230000.00,0.53,,,,,,
200194,2020,02/05/2021,East Lyme,5 ROCCO DR,170660.00,220000.00,0.7757,Vacant Land,,,,,POINT (-72.22025 41.3942)
200236,2020,03/18/2021,East Lyme,8 N EDGEWOOD RD,238140.00,421000.00,0.5656,Residential,Single Family,,,,
200320,2020,05/10/2021,East Lyme,9 FREEDOM WAY,776230.00,1525000.00,0.509,Commercial,,,,,POINT (-72.24486 41.32183)
210176,2021,04/19/2022,East Hampton,10 LOWELL RD,153570.00,270000.00,0.5687,Residential,Single Family,,,,POINT (-72.490998997 41.594506983)
200499,2020,09/10/2021,East Lyme,27 SEA CREST AVE,233660.00,517000.00,0.4519,Residential,Single Family,,,,
200510,2020,09/15/2021,East Lyme,3 CARLISE LN,212100.00,390500.00,0.5431,Residential,Condo,,,,
200109,2020,03/30/2021,Easton,50 RIVERSIDE LANE,165400.00,300000.00,0.5513,Vacant Land,,,,,
200305,2020,01/26/2021,Enfield,15 SALERNO DR,233660.00,410000.00,0.5699,Residential,Single Family,,,,
10041,2001,07/17/2002,Eastford,WESTFORD RD,180.00,5000.00,0.036,,,28,,,
210278,2021,08/18/2022,Ellington,1 ABBOTT RD 131,79390.00,170000.00,0.467,Residential,Condo,,,,POINT (-72.496333994 41.871967005)
10115,2001,12/11/2001,Bethlehem,KASSON RD,39060.00,105000.00,0.372,,,,,,
10452,2001,12/14/2001,Danbury,DIVISION ST,140700.00,300000.00,0.469,,,,,,
200537,2020,05/21/2021,Enfield,104 BREWSTER RD,117380.00,245000.00,0.4791,Residential,Single Family,,,,
200652,2020,06/29/2021,Enfield,12 KELLY DR,203470.00,360000.00,0.5651,Residential,Single Family,,,,
200700,2020,07/13/2021,Enfield,8 SHANNON DR,161590.00,310000.00,0.5212,Residential,Single Family,,,,
200226,2020,12/18/2020,Enfield,106 RAFFIA RD,145570.00,240000.00,0.6065,Residential,Single Family,,,,
210721,2021,05/26/2022,Fairfield,59 GRACE STREET,235970.00,350000.00,0.6742,Residential,Single Family,,,,POINT (-73.231428998 41.172704008)
200125,2020,03/31/2021,Essex,35 DEER LA,220500.00,425000.00,0.5188,Residential,Single Family,,,,
210771,2021,06/08/2022,Fairfield,33 REEF COURT,370160.00,625000.00,0.5922,Residential,Single Family,,,,POINT (-73.252361041 41.134042983)
200140,2020,04/28/2021,Essex,14 ESSEX GLEN DR #12,335800.00,520000.00,0.6457,Residential,Condo,,,,
210800,2021,06/17/2022,Fairfield,1991 POST ROAD,833000.00,1400000.00,0.595,Commercial,,,,,POINT (-73.266760983 41.140355981)
200055,2020,11/19/2020,Essex,HILLSIDE DR,5600.00,5000.00,1.12,Vacant Land,,12 - Non Buildable Lot,EXCESS LAND,,
11665,2001,07/30/2002,Danbury,3 MORGAN AVE,94600.00,175000.00,0.540571429,,,,,,
20054,2020,10/27/2020,Farmington,8193 ELY RD,167190.00,225000.00,0.743,Vacant Land,,,,,
200151,2020,12/14/2020,Farmington,15 MALS WAY,356410.00,550000.00,0.648,Residential,Single Family,,,,
10133,2001,07/30/2002,Durham,22 JOHN'S WAY,60340.00,82000.00,0.735853659,,,,,,
200539,2020,07/16/2021,Farmington,130 BIRDSEYE RD,1213620.00,1125000.00,1.0787,Commercial,,,,,
10323,2001,09/23/2002,Coventry,400 EASTVIEW DR,0.00,325400.00,0,,,7,,,
20064,2020,08/31/2021,Franklin,888 ROUTE 32,186770.00,209000.00,0.8936,Commercial,,25 - Other,HARDSHIP SALE,,
21200,2021,01/28/2022,Farmington,7 CYPRESS TRAIL,140950.00,260000.00,0.5421,Residential,Condo,,,,POINT (-72.875744027 41.731196)
10751,2001,08/01/2002,Glastonbury,UT 128B S 93A,4200.00,6000.00,0.7,,,,,,
21101,2021,11/30/2021,Farmington,38 OAKLAND AV,137510.00,398500.00,0.345,Residential,Single Family,,,,POINT (-72.791588964 41.743265983)
10044,2001,11/30/2001,Derby,5 WOODLAND WALK,175000.00,280000.00,0.625,,,,,,
200827,2020,09/07/2021,Glastonbury,38 MONTAUK WAY,332000.00,520000.00,0.6384,Residential,Condo,,,,
10383,2001,01/23/2002,Hamden,297 PARK RD,77490.00,115000.00,0.673826087,,,,,,
20000123,2020,03/10/2021,Granby,18 MILL POND DR,87290.00,115000.00,0.759,Vacant Land,,,,,
200579,2020,02/03/2021,Greenwich,2195000,1061900.00,2195000.00,0.4837,Vacant Land,,,,,
10115,2001,03/11/2002,East Haddam,45 EH COLCHESTER TPKE,71330.00,122000.00,0.584672131,,,,,,
200645,2020,02/17/2021,Greenwich,123 VALLEY DRIVE,2661200.00,3000000.00,0.887,Residential,Single Family,,,,
10250,2001,07/18/2002,Coventry,HEMLOCK LN,1260.00,5000.00,0.252,,,24,,,
10045,2001,01/03/2002,Bethany,9 SIMPSON CT,96590.00,0.00,0,,,1,,,
21272,2021,04/06/2022,Guilford,137 OLD QUARRY RD,1260000.00,1600000.00,0.7875,Residential,Single Family,,,,POINT (-72.732482968 41.255499987)
201233,2020,06/22/2021,Greenwich,11 BAYBERRY LANE,4259500.00,4300000.00,0.9905,Residential,Single Family,,,,
201437,2020,07/20/2021,Greenwich,552 RIVER ROAD,1337630.00,2300000.00,0.5815,Residential,Single Family,,,,
10029,2001,05/13/2002,Colebrook,BOHUN RD,12900.00,17000.00,0.758823529,,,,,,
201494,2020,07/28/2021,Greenwich,20 EAST LYON FARM DRIVE,632170.00,1250000.00,0.5057,Residential,Condo,,,,
10108,2001,11/14/2001,East Haven,130 MANSFIELD GRV RD,87910.00,149000.00,0.59,,,,,,
200421,2020,12/24/2020,Greenwich,130 NORTH WATER STREET,288190.00,705000.00,0.4087,Residential,Single Family,,,,
10530,2001,09/12/2002,Avon,1 PUTNAM LN,97300.00,200000.00,0.4865,,,,,,
10114,2001,02/21/2002,East Windsor,EAST RD,43.00,2000.00,0.0215,,,1,,,
201078,2020,12/21/2020,Griswold,22 CROSS RD,173040.00,302000.00,0.5729,Residential,Single Family,,,,
210221,2021,12/01/2021,Hamden,85 ARCH ST,124880.00,250000.00,0.4995,Residential,Two Family,,,,POINT (-72.938462036 41.338536987)
12532,2001,08/13/2002,Bolton,45 BEACON CT,0.00,12350.00,0,,,8,,,
210328,2021,12/27/2021,Hamden,288 DAVIS ST,129150.00,263000.00,0.491,Residential,Single Family,,,,POINT (-72.899764969 41.339431001)
200436,2020,05/04/2021,Groton,67 LEAFWOOD LN S250,71960.00,130000.00,0.5535,Residential,Condo,,,,
200639,2020,07/28/2021,Groton,4 TYLER AVE,259770.00,650000.00,0.399646154,Residential,Single Family,,,,POINT (-72.07229 41.32148)
10049,2001,11/02/2001,Avon,53 HIGH GATE DR,367800.00,550000.00,0.668727273,,,,,,
200020,2020,10/06/2020,Groton,98 EAST SHORE AVE,654570.00,990000.00,0.661181818,Residential,Single Family,07 - Change in Property,TEAR DOWN,,POINT (-72.00446 41.31252)
200098,2020,11/06/2020,Groton,70 ATLANTIC AVE,354550.00,742500.00,0.4775,Residential,Single Family,,,,
200285,2020,04/12/2021,Guilford,30 GRANITE RD,77840.00,150000.00,0.5189,Residential,Condo,,,,
200080,2020,11/05/2020,Guilford,2 WINTERBERRY RD,239550.00,480000.00,0.499,Residential,Single Family,,,,
20360,2020,01/22/2021,Hartford,1301 MAIN ST,173670.00,439900.00,0.3947,Commercial,,,,,
20522,2020,03/11/2021,Hartford,26 BRANFORD ST,35875.00,165000.00,0.2174,Residential,Single Family,,,,
20565,2020,03/29/2021,Hartford,31 EATON ST,61915.00,249000.00,0.2486,Residential,Two Family,,,,
20614,2020,04/08/2021,Hartford,55 STERLING ST,52500.00,220000.00,0.2386,Residential,Two Family,,,,
20750,2020,05/06/2021,Hartford,3371 MAIN ST,126560.00,180000.00,0.7031,Commercial,,,,,
20899,2020,06/21/2021,Hartford,159 RUSS ST,137270.00,278500.00,0.4928,Apartments,,,,,
2100369,2021,09/12/2022,Madison,119 ISLAND AVE,486100.00,1250000.00,0.3888,Residential,Condo,,,,POINT (-72.600743512 41.270568157)
201023,2020,07/26/2021,Hartford,410 MARKET ST,435610.00,525000.00,0.8297,Commercial,,,,,
210086,2021,12/10/2021,Madison,164 MIDDLE BEACH RD,1431600.00,2241000.00,0.638821954,Residential,Single Family,,,,POINT (-72.586913031 41.271236004)
201129,2020,08/19/2021,Hartford,20 GIDDINGS ST,114954.00,360000.00,0.3193,Residential,Two Family,,,,
210167,2021,05/13/2022,Mansfield,OLD TURNPIKE RD PAR B,50200.00,100000.00,0.502,Vacant Land,,,,,POINT (-72.24846462 41.831660405)
200065,2020,03/31/2021,Harwinton,WHETSTONE RD,55380.00,85000.00,0.6515,Vacant Land,,,,,
200125,2020,09/07/2021,Harwinton,167 BIRGE PARK RD,194790.00,360000.00,0.541,Residential,Single Family,,,,
11193,2001,08/02/2002,Milford,65 CHERRY ST BLDG B,56980.00,95000.00,0.599789474,,,1,,,
200230,2020,04/26/2021,Killingly,152 NORTH ST,143220.00,150000.00,0.9548,Apartments,,,,,
200043,2020,12/09/2020,Killingworth,46 TITUS COAN ROAD,354040.00,645000.00,0.5488,Residential,Single Family,,,,
20059,2020,02/18/2021,Lebanon,54 FIRST ST,121510.00,229900.00,0.5285,Residential,Single Family,,,,
20041,2020,03/09/2021,Lisbon,17 BARBER FARM RD,76880.00,90000.00,0.8542,Vacant Land,,,,,
200052,2020,11/16/2020,Litchfield,68 BEACH ST,149570.00,200000.00,0.7478,Residential,Two Family,,,,
200010,2020,11/20/2020,Lyme,0 STERLING HILL RD,101100.00,250000.00,0.4044,Vacant Land,,,,,
200709,2020,04/16/2021,Manchester,152 GREEN ROAD,138100.00,282500.00,0.488849558,Residential,Single Family,,,,
210776,2021,04/29/2022,New Britain,291 MAIN ST,89390.00,125000.00,0.7151,Commercial,,,,,POINT (-72.781545014 41.668287009)
10096,2001,02/28/2002,Putnam,123 PARK RD,139000.00,200000.00,0.695,,,,,,
200991,2020,07/08/2021,Manchester,64 MILFORD ROAD,104300.00,160000.00,0.6518,Residential,Single Family,,,,
201027,2020,07/19/2021,Manchester,200 SHELDON ROAD,517700.00,800000.00,0.6471,Commercial,,,,,
11490,2001,07/19/2002,Norwalk,29 PONUS AVE,148540.00,344000.00,0.431802326,,,,,,
210131,2021,11/04/2021,New Britain,96 COMMONWEALTH AVE,110180.00,232500.00,0.4738,Residential,Single Family,,,,POINT (-72.786102003 41.686449)
11430,2001,09/26/2002,Milford,ROSELLE ST,31360.00,70000.00,0.448,,,,,,
10055,2001,12/04/2001,Stafford,15 JENNIFER LN,0.00,165155.00,0,,,7,,,
200210,2020,07/12/2021,Mansfield,156 HILLYNDALE RD,169400.00,345000.00,0.491,Residential,Single Family,,,,
210130,2021,01/10/2022,New Canaan,258 ELM ST,6132140.00,13500000.00,0.4542,Commercial,,,,,POINT (-73.499010025 41.145406999)
10090,2001,06/18/2002,Sherman,1 WIMISINK DR,64050.00,117000.00,0.547435897,,,,,,
200468,2020,02/12/2021,Meriden,28 STANLEY ST,100520.00,170000.00,0.5912,Residential,Single Family,,,,
200821,2020,05/27/2021,Meriden,7 CARRIAGE CRSNG,67270.00,82000.00,0.8203,Residential,Condo,,,,
200961,2020,07/01/2021,Meriden,52 ROYAL OAK CIR,130340.00,305000.00,0.4273,Residential,Single Family,,,,
10502,2001,01/15/2002,Stratford,1101 SUCCESS AVE,0.00,50000.00,0,,,25,,,
10001,2001,10/02/2001,Roxbury,352 SOUTH ST,234240.00,320000.00,0.732,,,,,,
10205,2001,06/18/2002,Oxford,31 CORTLAND PL,65930.00,125000.00,0.52744,,,,,,
201245,2020,09/14/2021,Meriden,223 REYNOLDS DR,128170.00,260000.00,0.4929,Residential,Single Family,,,,
200038,2020,10/09/2020,Meriden,41 SUNNY LANE,209440.00,307000.00,0.6822,Residential,Single Family,,,,POINT (-72.79013 41.51639)
10049,2001,12/17/2001,Putnam,12-16 BATTEY ST,63000.00,100000.00,0.63,,,,,,
10041,2001,10/04/2001,Stratford,86 MINOR CROSS,107090.00,0.00,0,,,1,,,
210574,2021,03/10/2022,New Haven,316 GRAND AV,225110.00,400000.00,0.5627,Commercial,,,,,POINT (-72.899930008 41.30848799)
10254,2001,09/13/2002,Old Lyme,11 FERRY RD,538000.00,1200000.00,0.448333333,,,,,,
11920,2001,09/24/2002,Norwalk,26 KNAPP ST,101920.00,260000.00,0.392,,,,,,
10885,2001,09/06/2002,Norwich,154 N MAIN ST,140400.00,200000.00,0.702,,,,,,
11931,2001,09/24/2002,Norwalk,27 BROAD ST,332710.00,519043.00,0.641006622,,,,,,
200175,2020,10/29/2020,Milford,16 SEABREEZE AVE,180950.00,325000.00,0.5567,Residential,Condo,,,,
200275,2020,11/16/2020,Milford,0 EDGEWATER PL,119000.00,300000.00,0.3966,Vacant Land,,,,,
210473,2021,08/25/2022,New London,85 WEST ST,75110.00,205000.00,0.3663,Residential,Single Family,,,,POINT (-72.10808097 41.361274995)
10015,2001,11/09/2001,Sharon,82 UPPER MAIN ST,53700.00,50000.00,1.074,,,,,,
20014,2020,10/06/2020,Monroe,22 MEADOWVIEW TER,189100.00,305000.00,0.62,Residential,Single Family,,,,
10269,2001,07/15/2002,Tolland,63 BALD HL RD,89950.00,149900.00,0.600066711,,,,,,
10920,2001,09/06/2002,Torrington,VIEW ST,14300.00,22500.00,0.635555556,,,,,,
10482,2001,01/10/2002,Stratford,129 BAYBERRY LN,140390.00,0.00,0,,,1,,,
21136,2021,11/30/2021,Newtown,7 POSSUM RIDGE ROAD,243280.00,482500.00,0.5042,Residential,Single Family,,,,POINT (-73.327759026 41.402458009)
2000296,2020,02/12/2021,Naugatuck,464 MULBERRY ST,114660.00,195000.00,0.588,Residential,Single Family,,,,
10166,2001,01/23/2002,Ridgefield,120 PROSPECT ST UT 44,170760.00,380000.00,0.449368421,,,,,,
2000327,2020,03/03/2021,Naugatuck,31 PILGRIM LN,157810.00,276500.00,0.5707,Residential,Single Family,,,,
2000473,2020,05/18/2021,Naugatuck,33 FAIRCHILD ST,98900.00,184500.00,0.536,Residential,Single Family,,,,
10014,2001,10/09/2001,New London,6 CLIFF ST,43890.00,70000.00,0.627,,,,,,
2000022,2020,10/13/2020,Naugatuck,41 ANDERSON ST,108070.00,193500.00,0.5585,Residential,Three Family,,,,
213294,2021,11/30/2021,North Haven,27 DODGE AVE,943640.00,1600000.00,0.5897,Commercial,,,,,POINT (-72.844654039 41.420292017)
20513,2020,03/11/2021,New Britain,32 HIGHLAND TERR,97580.00,163300.00,0.5975,Residential,Single Family,,,,
20761,2020,05/28/2021,New Britain,150 GOLD ST,212310.00,450000.00,0.4718,Apartments,,,,,
10466,2001,01/07/2002,Stratford,1086 ESSEX PL,150640.00,0.00,0,,,1,,,
201057,2020,08/12/2021,New Britain,5 ARCH ST,264390.00,400000.00,0.6609,Commercial,,,,,
201133,2020,09/02/2021,New Britain,103 LEWIS RD,123480.00,235000.00,0.5254,Residential,Single Family,,,,
11137,2001,07/29/2002,Milford,31 PEARL ST,78960.00,200000.00,0.3948,,,,,,
20086,2020,10/22/2020,New Britain,23 PARKMORE ST,122220.00,223000.00,0.548,Residential,Single Family,,,,
10035,2001,11/14/2001,Orange,832 DONNA DR,156800.00,275000.00,0.570181818,,,,,,
200338,2020,04/23/2021,New Canaan,116 ROCKY BROOK RD,620760.00,850000.00,0.7303,Residential,Single Family,,,,
200661,2020,08/30/2021,New Canaan,322 MAIN ST,1279460.00,2400000.00,0.5331,Residential,Single Family,,,,
200155,2020,01/29/2021,New Fairfield,6 BARNBROOK RD,126100.00,199900.00,0.6308,Vacant Land,,,,,
10024,2001,10/03/2001,New Britain,4 MADISON ST,52470.00,90000.00,0.583,,,,,,
200264,2020,06/10/2021,New Fairfield,10 BROOK DR,107500.00,240000.00,0.4479,Residential,Single Family,,,,
200145,2020,08/09/2021,New Hartford,82 NILES ROAD,238980.00,460000.00,0.5195,Residential,Single Family,,,,
200419,2020,02/04/2021,New Haven,769 DIXWELL AV,74200.00,190000.00,0.3905,Residential,Two Family,,,,
210618,2021,05/23/2022,Norwich,114 SHERATON LN,37400.00,100000.00,0.374,Residential,Condo,,,,POINT (-72.120742003 41.509616995)
10164,2001,07/17/2002,Somers,21 LOUBIER DR,201260.00,380000.00,0.529631579,,,,,,
210923,2021,08/24/2022,Norwich,5 ROBBINS CT,106400.00,175000.00,0.608,Residential,Two Family,,,,POINT (-72.071522964 41.525827009)
200953,2020,05/28/2021,New Haven,44 FRONT ST,64470.00,105000.00,0.614,Residential,Condo,,,,
201207,2020,07/21/2021,New Haven,40 TEMPLE CT # 40,368130.00,850000.00,0.433,Residential,Condo,,,,
201440,2020,09/15/2021,New Haven,889 CONGRESS AV,80150.00,214000.00,0.3745,Residential,Two Family,,,,
200176,2020,11/17/2020,New Haven,36 HARDING PL,35840.00,35000.00,1.024,Vacant Land,,,,,
200192,2020,11/20/2020,New Haven,459 BLATCHLEY AV,71150.00,170000.00,0.4185,Residential,Two Family,,,,
201176,2020,03/09/2021,New London,400 BANK ST UNIT 201,165550.00,191000.00,0.8667,Residential,Condo,,,,
20274,2020,01/08/2021,Newtown,16 SILVER BROOK LANE,419590.00,779000.00,0.5386,Residential,Single Family,,,,
21134,2021,01/31/2022,Plainfield,25 ROODE RD,266650.00,950000.00,0.2806,Industrial,,,,,POINT (-71.949970029 41.635752987)
21220,2021,05/03/2022,Plainfield,131 SQUAW ROCK RD,145570.00,355000.00,0.41,Residential,Single Family,,,,POINT (-71.888253992 41.72605102)
11187,2001,06/04/2002,Norwalk,12 NELSON AVE,167860.00,270000.00,0.621703704,,,1,,,
10144,2001,02/19/2002,Monroe,11 LAUREL DR,183470.00,357000.00,0.513921569,,,,,,
20742,2020,08/30/2021,Newtown,157 HANOVER ROAD,325640.00,508000.00,0.641,Residential,Single Family,,,,
20771,2020,09/16/2021,Newtown,3 SHORT HILL ROAD,451770.00,910000.00,0.496450549,Residential,Single Family,,RELOCATION CO.,,
21176,2021,03/09/2022,Plainville,180 S WASHINGTON ST,63840.00,360000.00,0.1773,Vacant Land,,,,,POINT (-72.874505014 41.659472013)
210047,2021,02/03/2022,Preston,153A ROUTE 12,151200.00,290000.00,0.5213,Residential,Single Family,,,,POINT (-72.061471973 41.47311498)
202281,2020,09/07/2021,North Haven,108 MULHOLLAND WAY,276010.00,443165.00,0.6228,Residential,Condo,,,,
10124,2001,10/23/2001,Stratford,1093 BARNUM AVE,200980.00,0.00,0,,,3,,,
201007,2020,03/22/2021,Norwalk,29 GREGORY BLVD,261800.00,450000.00,0.5817,Residential,Single Family,,3-47-5-0,,
21291,2021,05/05/2022,Ridgefield,5 STANDISH DR,445440.00,900000.00,0.4949,Residential,Single Family,,,,POINT (-73.469619971 41.286827014)
10336,2001,12/17/2001,Norwalk,16 ROCKMEADOW RD Q,81340.00,155000.00,0.524774194,,,,,,
202611,2020,07/06/2021,Norwalk,126 WASHINGTON ST UNIT R203,144380.00,217500.00,0.6638,Residential,Condo,,2-43-26-R203,,
10020,2001,10/02/2001,West Haven,84 WEST WALK,64050.00,130000.00,0.492692308,,,,,,
202876,2020,08/18/2021,Norwalk,17 HADIK PKWY,256270.00,355000.00,0.7218,Residential,Single Family,,5-77-41-0,,
11223,2001,07/19/2002,Stratford,70 AUO ST,96730.00,0.00,0,,,18,,,
10052,2001,07/02/2002,Morris,45 TROTTA LN,540.00,200000.00,0.0027,,,28,,,
200289,2020,11/23/2020,Norwalk,188 FLAX HILL RD UNIT B/6,173040.00,330000.00,0.5243,Residential,Condo,,2-48-42-B/6,,
200364,2020,01/20/2021,Norwich,44 NORWICH AVE #22,1100.00,1983200.00,0.0005,Vacant Land,,25 - Other,VACANT LAND W/ OUTBUILDINGS MULTI PARCEL SALE,,
200427,2020,02/05/2021,Norwich,287-291 MAIN ST,587600.00,939000.00,0.6257,Commercial,,,,,
200522,2020,03/04/2021,Norwich,49 WHITE PLAINS RD,174400.00,335000.00,0.5205,Residential,Single Family,,,,
10110,2001,03/27/2002,Thompson,THOMPSON RD,34300.00,5000.00,6.86,,,6,,,
200656,2020,04/30/2021,Norwich,112-116 MAIN ST,262300.00,352000.00,0.7451,Commercial,,,,,
10405,2001,07/25/2002,Stonington,24 W VINE ST,85440.00,19000.00,4.496842105,,,8,,,
11407,2001,05/07/2002,Stamford,27 NORTHILL ST,79730.00,210000.00,0.379666667,,,,,,
21075,2021,11/15/2021,Southbury,887 SOUTHFORD RD,251170.00,462500.00,0.543,Residential,Single Family,,,,POINT (-73.18041003 41.472002995)
10558,2001,07/09/2002,Newington,110 DAY ST,74970.00,265000.00,0.28290566,,,7,,,
213533,2021,07/01/2022,Southbury,76 FAWN RIDGE CT,307910.00,712000.00,0.4324,Residential,Single Family,,,,POINT (-73.244940961 41.498778985)
20249,2020,09/30/2021,Orange,387 TIMBERLANE DR,297700.00,550000.00,0.5412,Residential,Single Family,,,,
20135,2020,01/21/2021,Plainfield,30-32 GREENE AVE,98580.00,200000.00,0.4929,Residential,Two Family,,,,
11877,2001,09/13/2002,Norwalk,6 COBBLERS LN,131250.00,331500.00,0.395927602,,,,,,
20293,2020,06/07/2021,Plainfield,404 PLAINFIELD PIKE RD,193560.00,360000.00,0.5376,Residential,Single Family,,,,
10320,2001,05/07/2002,Vernon,213 12 REGAN RD,28560.00,50000.00,0.5712,,,,,,
20492,2020,08/19/2021,Plainfield,22 FERNWOOD ST,142910.00,310000.00,0.461,Residential,Single Family,,,,
10207,2001,04/18/2002,Monroe,40 AUTUMN DR,168840.00,350000.00,0.4824,,,,,,
200377,2020,08/16/2021,Plainville,492 EAST ST B-36,41090.00,89900.00,0.457,Residential,Condo,,,,
10305,2001,06/17/2002,Watertown,CAROLA DR,57690.00,90000.00,0.641,,,,,,
11198,2001,08/01/2002,West Hartford,42 PINE BRK LN,190210.00,379900.00,0.500684391,,,,,,
202000106,2020,01/28/2021,Plymouth,325 MAIN ST,596470.00,833111.00,0.7159,Commercial,,,,,
202000141,2020,03/18/2021,Plymouth,99 EASTVIEW ROAD,34790.00,10000.00,3.479,Vacant Land,,,,,
11486,2001,07/18/2002,Norwalk,7 FIRESIDE CT,250600.00,534500.00,0.468849392,,,,,,
200179,2020,06/22/2021,Portland,724 GLASTONBURY TPKE,134750.00,220000.00,0.6125,Residential,Single Family,,100-0004,,
10693,2001,02/22/2002,Stratford,283 B AGAWAM DR,149180.00,0.00,0,,,1,,,
21070,2021,11/18/2021,Stafford,155 WALES RD,35140.00,34350.00,1.0229,Vacant Land,,,,,POINT (-72.252703856 42.016435568)
10929,2001,07/11/2002,New Britain,CEDARWOOD DR LT A,25960.00,40000.00,0.649,,,,,,
2016743,2020,07/19/2021,Redding,241 ETHAN ALLEN HIGHWAY,1769800.00,1800000.00,0.9832,Commercial,,,,,
20273,2020,01/11/2021,Ridgefield,12 CARPENTER CLOSE,89810.00,128300.00,0.7,Residential,Condo,,,,
10059,2001,09/04/2002,Warren,13 PARTRIDGE RD,173250.00,274900.00,0.630229174,,,7,,,
10128,2001,04/23/2002,Thompson,COLONIAL RD,2100.00,2100.00,1,,,17,,,
2101412,2021,05/02/2022,Stamford,11 BERTMOR DRIVE,389170.00,775000.00,0.5021,Residential,Single Family,,,,POINT (-73.533210034 41.097502998)
200207,2020,06/10/2021,Rocky Hill,402 THE MEWS,120890.00,234900.00,0.5146,Residential,Condo,,,,
200010,2020,10/22/2020,Rocky Hill,59 HIGHCREST DRIVE,128870.00,193000.00,0.6677,Residential,Condo,,,,
2102049,2021,07/28/2022,Stamford,91 STRAWBERRY HILL AVE #224,130350.00,145000.00,0.8989,Residential,Condo,,EXECUTOR'S DEED,,POINT (-73.532295988 41.063903007)
200002,2020,10/01/2020,Roxbury,20 CHURCH ST,439290.00,575000.00,0.763982609,Residential,Single Family,,,,
2102154,2021,08/12/2022,Stamford,49 HINCKLEY AVENUE,391700.00,740000.00,0.5293,Residential,Two Family,,,,POINT (-73.550913033 41.056668)
200568,2020,10/07/2020,Salem,81A SKYLINE DR.,46900.00,75000.00,0.6253,Vacant Land,,,,,
20200070,2020,04/08/2021,Sharon,101 MILLERTON RD,170200.00,287000.00,0.593,Residential,Single Family,,,,
20200107,2020,07/26/2021,Sharon,BARBERRY HILLS RD,106300.00,100000.00,1.063,Vacant Land,,,,,
10087,2001,01/23/2002,Winchester,936 MAIN ST,8000.00,8000.00,1,,,,,,
2100154,2021,10/19/2021,Stamford,99 OLD BARN ROAD WEST,292910.00,530000.00,0.5526,Residential,Single Family,,,,POINT (-73.555591979 41.071525007)
200759,2020,07/21/2021,Shelton,104 MAPLE AVE,144410.00,185000.00,0.7805,Residential,Single Family,,,,
200245,2020,01/06/2021,Shelton,172-176 CORAM AVE,310660.00,375000.00,0.8284,Commercial,,,,,
200374,2020,03/01/2021,Shelton,1103 RENAISSANCE,227500.00,525000.00,0.4333,Residential,Condo,,,,
20104,2020,08/24/2021,Sherman,6 BULLYMUCK RD,23600.00,41382.00,0.5702,Vacant Land,,,,,
200362,2020,05/24/2021,Simsbury,75 HILLTOP DRIVE,99660.00,180000.00,0.5536,Residential,Condo,,,,
200377,2020,05/28/2021,Simsbury,108 LIBRARY LANE,80010.00,130000.00,0.6154,Residential,Condo,,,,
200002,2020,10/01/2020,Simsbury,24 BRETTONWOOD DRIVE,186610.00,252000.00,0.7405,Residential,Condo,,,,
200081,2020,11/09/2020,Simsbury,2C MILL PONDO LANE,270440.00,372000.00,0.7269,Residential,Condo,,PUD,,
200120,2020,12/03/2020,Simsbury,24 COBTAIL WAY,133940.00,160000.00,0.8371,Vacant Land,,,,,
10294,2001,04/01/2002,Windsor,11 TANGLEWOOD,64890.00,105000.00,0.618,,,,,,
20486,2020,06/15/2021,Southbury,808 A HERITAGE VILLAGE,92080.00,185000.00,0.4977,Residential,Condo,,,,
20588,2020,07/29/2021,Southbury,2005 PURCHASE BROOK RD,235950.00,510000.00,0.4626,Residential,Single Family,,,,
20171,2020,11/30/2020,Southbury,259 BURR RD,74060.00,115000.00,0.644,Vacant Land,,,,,
20073,2002,12/30/2002,Coventry,314 HIGHLAND RD,67690.00,125000.00,0.54152,,,,,,
210164,2021,03/31/2022,Suffield,59 BRANDYWINE LN,98420.00,181000.00,0.5437,Residential,Condo,,,,POINT (-72.644146007 41.981750993)
200007,2020,10/02/2020,South Windsor,23-D AMATO DR,68300.00,105000.00,0.6504,Residential,Condo,,,,
210243,2021,06/27/2022,Suffield,98 MOUNTAIN RD,342790.00,1325000.00,0.2587,Commercial,,,,,POINT (-72.654568987 41.983401013)
20294,2002,07/01/2003,Colchester,MULTI ADDRESSES,178600.00,400000.00,0.4465,,,,,,
210323,2021,09/14/2022,Suffield,63 SECOND ST,141890.00,250000.00,0.5675,Residential,Single Family,,,,POINT (-72.62139903 41.99550599)
20118,2002,05/06/2003,Brooklyn,HERRICK RD,4100.00,2500.00,1.64,,,12,,,
2000720,2020,01/05/2021,Stamford,57 HARBOR DRIVE GARAGE G-105B,19110.00,27500.00,0.6949,Residential,Condo,,,,
2000737,2020,01/06/2021,Stamford,LOT 2 EDEN ROAD,208560.00,238000.00,0.8763,Vacant Land,,,,,
2000857,2020,01/21/2021,Stamford,0 SUMMER STREET #116-2A,109420.00,195000.00,0.5611,Residential,Condo,,,,
2001101,2020,03/04/2021,Stamford,385 ERSKINE ROAD,599810.00,950000.00,0.6313,Residential,Single Family,,,,
210272,2021,06/09/2022,Tolland,61 BROOKMOOR RD,187200.00,627500.00,0.2983,Residential,Single Family,,,,POINT (-72.379570982 41.895115013)
2001250,2020,03/25/2021,Stamford,28 VERNON PLACE,403190.00,810000.00,0.4977,Residential,Three Family,,,,
2001286,2020,03/30/2021,Stamford,1156 STILLWATER ROAD,438860.00,652000.00,0.673,Residential,Single Family,,,,
2001493,2020,05/03/2021,Stamford,18 BUNGALOW PARK,238890.00,400000.00,0.5972,Residential,Single Family,,,,
2001570,2020,05/14/2021,Stamford,52 ORCHARD STREET,486230.00,930000.00,0.5228,Commercial,,,,,
2001590,2020,05/17/2021,Stamford,37 CROSS ROAD,423700.00,533350.00,0.7944,Residential,Two Family,,,,
2002526,2020,09/03/2021,Stamford,114 POND ROAD,206820.00,300000.00,0.6894,Vacant Land,,,,,
2002537,2020,09/07/2021,Stamford,56 ETHAN ALLEN LANE,441560.00,785000.00,0.5624,Residential,Single Family,,,,
210025,2021,10/12/2021,Torrington,259 CLIFFSIDE DR,59630.00,155000.00,0.3847,Residential,Condo,,,,POINT (-73.110470005 41.875052006)
2000120,2020,10/16/2020,Stamford,61 SEAVIEW AVENUE # 1,497000.00,755000.00,0.6582,Residential,Condo,,,,
20964,2002,07/14/2003,Greenwich,48 BENJAMIN ST,513730.00,700000.00,0.7339,,,,,,
2000212,2020,10/28/2020,Stamford,197 BRIDGE STREET # 3,199330.00,342500.00,0.5819,Residential,Condo,,,,
20106,2002,12/11/2002,Harwinton,BREEZY HL RD LT 1,0.00,20000.00,0,,,1,,,
2000344,2020,11/10/2020,Stamford,11 LYNAM ROAD,539700.00,850000.00,0.6349,Residential,Single Family,,,,
20130,2002,07/01/2003,Bethany,54 VALLEY RD,140140.00,0.00,0,,,2,,,
20027,2002,11/21/2002,Derby,5 MCKINLEY AVE,80080.00,166000.00,0.482409639,,,,,,
2002453,2020,08/27/2021,Stamford,34 FIFTH STREET,596290.00,800000.00,0.7453,Commercial,,,,,
2002299,2020,08/04/2021,Stamford,1400 BEDFORD STREET #4,169050.00,355000.00,0.4761,Residential,Condo,,,,
210006,2021,11/18/2021,Warren,65 TOWN HILL RD,335000.00,985000.00,0.3401,Residential,Single Family,28 - Use Assessment,,,POINT (-73.329856011 41.739606988)
210064,2021,06/15/2022,Washington,90 QUARRY RIDGE,207350.00,475000.00,0.4365,Residential,Condo,,,,POINT (-73.365437109 41.663575939)
20118,2020,09/30/2021,Sterling,174 CHURCH ST,92890.00,255000.00,0.3642,Residential,Single Family,,RANCH BUILT 1987 ON 3.44 ACRES,,
200522,2020,08/31/2021,Stonington,MASONS ISLAND RD,165800.00,310000.00,0.5348,Vacant Land,,,,,
200552,2020,09/23/2021,Stonington,12 CUTTER DR,213100.00,435000.00,0.4898,Residential,Single Family,,,,
20102,2002,02/07/2003,Coventry,24 STONECROFT LN,0.00,68000.00,0,,,,,,
211054,2021,03/09/2022,Waterbury,11 BERGEN ST,32820.00,142000.00,0.2311,Residential,Two Family,,,,POINT (-73.032080016 41.547883987)
20222,2002,11/14/2002,Colchester,79 ELMWOOD HTS,114000.00,120000.00,0.95,,,6,,,
20200578,2020,02/17/2021,Stratford,2318 MAIN STREET,429800.00,650000.00,0.6612,Commercial,,,,,
20187,2002,06/02/2003,Coventry,533 DALY RD,94360.00,143000.00,0.65986014,,,1,,,
20095,2002,12/26/2002,Ellington,182 TRIPP RD,103070.00,298500.00,0.345293132,,,7,,,
20200824,2020,05/03/2021,Stratford,758A QUINNIPIAC LANE,193340.00,395000.00,0.4894,Residential,Condo,,,,
20200059,2020,10/13/2020,Stratford,653B OSAGE LANE,156380.00,276000.00,0.5665,Residential,Condo,,,,
200113,2020,01/14/2021,Suffield,4 CHELTENHAM CT,98280.00,169900.00,0.5784,Residential,Condo,,,,
200025,2020,10/20/2020,Suffield,930 BRANCH RD,159180.00,261000.00,0.6098,Residential,Single Family,,,,
210538,2021,12/10/2021,Waterbury,43 CENTRAL AVE,213040.00,500000.00,0.426,Apartments,,,,,POINT (-73.043965973 41.558467984)
200149,2020,07/12/2021,Thomaston,97 TWIN POND RD,204000.00,337500.00,0.6044,Residential,Single Family,,,,
200046,2020,12/14/2020,Thomaston,3 BRADLEY WAY,133210.00,289900.00,0.4595,Residential,Condo,,,,
20102,2002,12/03/2002,Avon,25 SKY TOP DR,142420.00,300000.00,0.474733333,,,,,,
210637,2021,12/23/2021,Waterbury,111 BANK ST,105490.00,190000.00,0.5552,Commercial,,,,,POINT (-73.040713041 41.554273009)
21108,2002,08/27/2003,Hamden,42 GILBERT AVE,0.00,179900.00,0,,,7,,,
20805,2002,04/10/2003,Hartford,25-27 PLINY ST,52430.00,0.00,0,,,15,,,
20031,2020,11/02/2020,Thompson,0 THOMPSON RD,12930.00,175000.00,0.0738,Vacant Land,,24 - Plottage,,,
2020256,2020,06/23/2021,Tolland,D3 TOLLAND MEADOWS,55200.00,89900.00,0.614015573,Residential,Condo,,,,
21297,2021,05/20/2022,Waterford,7 LOUISE STREET,263487.00,650000.00,0.4053,Commercial,,,,,POINT (-72.127632011 41.342877011)
2020065,2020,12/20/2020,Tolland,H2 TOLLAND MEADOWS,55200.00,90000.00,0.6133,Residential,Condo,01 - Family,,,
20238,2002,07/08/2003,Canton,57 WICKHAMS FANCY,87500.00,165000.00,0.53030303,,,,,,
21335,2021,06/20/2022,Watertown,587 MAIN ST,315200.00,532500.00,0.5919,Commercial,,,,,POINT (-73.115913967 41.602442005)
21203,2002,09/15/2003,Hamden,35 GILES ST,176820.00,400000.00,0.44205,,,,,,
21125,2021,12/27/2021,Watertown,0 PULLEN AVE,200.00,75000.00,0.0026,Vacant Land,,17 - Two Towns,,,POINT (-73.088352778 41.580824478)
20731,2002,07/01/2003,East Hartford,27 NORTHBROOK CT,61600.00,110000.00,0.56,,,,,,
20869,2002,09/25/2003,Enfield,27 MONROE RD,93940.00,184000.00,0.510543478,,,,,,
200106,2020,11/02/2020,Torrington,2651 TORRINGFORD W ST,126570.00,225005.00,0.5625,Residential,Single Family,,,,
200174,2020,11/20/2020,Torrington,194 LEDGE DR,58020.00,122500.00,0.4736,Residential,Condo,,,,
20442,2002,04/29/2003,Enfield,7 SPIER AVE,69440.00,138000.00,0.503188406,,,,,,
200359,2020,03/08/2021,Trumbull,94 NORTH STOWE PLACE,256550.00,451000.00,0.5688,Residential,Single Family,,,,
200599,2020,07/02/2021,Trumbull,29 WALNUT AVE,237440.00,420000.00,0.5653,Residential,Single Family,,,,
21245,2021,09/22/2022,Old Saybrook,7 GLEN DRIVE,192600.00,406000.00,0.4743,Residential,Single Family,,,,POINT (-72.37936596 41.286193007)
200627,2020,07/20/2021,Trumbull,12 ROSEVIEW COURT,475160.00,905000.00,0.525,Residential,Single Family,,,,
200011,2020,10/13/2020,Trumbull,14 WOODLAWN DR,183190.00,370000.00,0.4951,Residential,Single Family,07 - Change in Property,TOTAL RENOVATION,,
200233,2020,12/31/2020,Trumbull,8 TURNER AVE,202160.00,365000.00,0.5538,Residential,Single Family,,,,
20197,2002,03/03/2003,Cheshire,14 WOODRIDGE CT,2486000.00,0.00,0,,,7,,,
200374,2020,05/18/2021,Vernon,27 TRACY DRIVE,129190.00,226800.00,0.5696,Residential,Single Family,,,,POINT (-72.47857 41.84938)
200484,2020,07/12/2021,Vernon,90 MONTAUK DR,126800.00,300000.00,0.4226,Residential,Single Family,,,,
20598,2002,04/14/2003,Fairfield,897 CONGRESS ST,248500.00,250000.00,0.994,,,1,,,
20090,2002,12/23/2002,Ledyard,138 IRON ST,101780.00,140000.00,0.727,,,6,,,
200055,2020,01/25/2021,Washington,136 OLD LITCHFIELD RD,1030330.00,2285000.00,0.4509,Residential,Single Family,,,,
21310,2002,09/22/2003,Greenwich,58 MARY LN,329490.00,630000.00,0.523,,,,,,
20300,2002,08/29/2003,Canton,98 ANDREW DR,196290.00,390000.00,0.503307692,,,,,,
20064,2002,01/15/2003,Brooklyn,15 HYDE RD,69960.00,132000.00,0.53,,,,,,
201224,2020,03/08/2021,Waterbury,411 HAUSER ST,9860.00,25000.00,0.3944,Vacant Land,,,,,
210439,2021,06/10/2022,Westport,48 COMPO MILL COVE,2246600.00,2487500.00,0.9031,Vacant Land,,,,,POINT (-73.34299104 41.113728979)
201592,2020,05/12/2021,Waterbury,26 COOPER ST,73860.00,122000.00,0.6054,Residential,Single Family,,,,
201777,2020,06/08/2021,Waterbury,18 CAMP ST,36770.00,150000.00,0.2451,Residential,Two Family,,,,
20083,2002,02/11/2003,Hebron,19 CARVER LN,61380.00,125000.00,0.49104,,,,,,
202250,2020,08/09/2021,Waterbury,94 SOUTHMAYD RD #3,63100.00,139900.00,0.451,Residential,Condo,,,,
21081,2002,06/17/2003,Hartford,47 S WHITNEY ST,46200.00,0.00,0,,,15,,,
20062,2002,07/14/2003,Barkhamsted,23 ROBIN DR,92670.00,170000.00,0.545117647,,,,,,
20453,2002,06/02/2003,East Haven,107 D KENNETH ST,23380.00,40000.00,0.5845,,,,,,
20458,2020,06/18/2021,Waterford,4 DONNA ST,271240.00,710000.00,0.382,Residential,Single Family,,,,
20089,2020,11/13/2020,Waterford,15 SEA VIEW TERRACE,89770.00,150000.00,0.5984,Vacant Land,,,,,
210225,2021,01/13/2022,Windsor,922 WORTHY ST,106610.00,225000.00,0.4738,Residential,Single Family,,,,POINT (-72.660239009 41.832145002)
20149,2020,01/06/2021,Watertown,0 FERN HILL RD,62600.00,95000.00,0.6589,Vacant Land,,,,,
20043,2002,06/16/2003,Bolton,12 GREEN HLS DR,133090.00,250000.00,0.53236,,,,,,
20102,2020,12/09/2020,Watertown,12 CHARLES ST,127000.00,223000.00,0.5695,Residential,Single Family,,,,
200170,2020,06/14/2021,Westbrook,104 CHAPMAN BEACH RD,271120.00,725000.00,0.3739,Residential,Single Family,,CONVENTIONAL,,
200014,2020,10/13/2020,Westbrook,233 KENROSE TER,245790.00,382000.00,0.6434,Residential,Single Family,,COLONIAL,,
200376,2020,01/04/2021,West Hartford,1838 ASYLUM AVENUE,216580.00,305000.00,0.71,Residential,Single Family,,,,
213260,2021,11/05/2021,North Haven,25 MANSFIELD RD,200920.00,370000.00,0.543,Residential,Single Family,,,,POINT (-72.876866028 41.39767102)
210072,2021,12/27/2021,Tolland,85 KOZLEY,167500.00,261000.00,0.6417,Residential,Single Family,,,,POINT (-72.369701961 41.892350997)
200494,2020,02/19/2021,West Hartford,82 WHITE AVENUE,181720.00,327900.00,0.5541,Residential,Single Family,,,,
200557,2020,03/12/2021,West Hartford,23 TIMBERWOOD ROAD,166670.00,305000.00,0.5464,Residential,Condo,,,,
210379,2021,03/31/2022,Wallingford,780 NORTH COLONY RD,1890100.00,6625000.00,0.2852,Industrial,,,,,POINT (-72.813879965 41.476229989)
20075,2002,04/21/2003,Essex,31 KINGS LN,113040.00,240000.00,0.471,,,,,,
20601,2002,09/02/2003,Avon,215 NORTHINGTON DR,466660.00,965000.00,0.483585492,,,,,,
210014,2021,10/04/2021,Fairfield,121 WINNEPOGE DRIVE,381640.00,691000.00,0.5523,Residential,Single Family,,,,POINT (-73.26351199 41.198446006)
210014,2021,10/15/2021,Bloomfield,227 WINTONBURY AVE #2,49000.00,100000.00,0.49,Residential,Condo,25 - Other,,SHORT SALE PER MLS,POINT (-72.70452765 41.830577832)
210120,2021,03/22/2022,Coventry,255 BREWSTER ST,151800.00,260200.00,0.5833,Residential,Single Family,,,,POINT (-72.401507009 41.789550014)
210411,2021,08/22/2022,Avon,20 GARNET HILL LANE,610290.00,1250000.00,0.4882,Residential,Single Family,,,,POINT (-72.897758006 41.785215983)
210910,2021,07/14/2022,Fairfield,610 TUNXIS HILL ROAD,264390.00,555000.00,0.4763,Residential,Two Family,,,,POINT (-73.232573966 41.177900998)
218096,2021,04/21/2022,Middletown,53 BRAEBURN LA,82420.00,115000.00,0.7166,Residential,Single Family,,,,POINT (-72.706126996 41.586401012)
210877,2021,05/31/2022,New Britain,90 WESTWOOD DR,144550.00,350000.00,0.413,Residential,Single Family,,,,POINT (-72.818196981 41.659797985)
21574,2021,08/30/2022,Guilford,308 RIVER ST,436580.00,950000.00,0.4595,Residential,Single Family,,,,POINT (-72.688983992 41.288964986)
2100288,2021,07/18/2022,Madison,205 DORSET LN,262700.00,650000.00,0.4041,Residential,Single Family,,,,POINT (-72.661453966 41.413463993)
210029,2021,07/19/2022,Hartland,47 SOUTH RD,115210.00,220000.00,0.5236,Residential,Single Family,,,,POINT (-72.908815999 41.996175997)
21491,2021,07/05/2022,Guilford,438 WILLOW RD,349780.00,755000.00,0.4632,Residential,Single Family,,,,POINT (-72.669073033 41.333653983)
21087,2021,09/26/2022,Barkhamsted,174 OLD NORTH RD,1690.00,17500.00,0.0965,Vacant Land,,28 - Use Assessment,4.243 AC PA490 + part interest + new survey,,POINT (-73.032681141 41.930377399)
2121165,2021,03/21/2022,Ansonia,93 HIGH ST,158700.00,370000.00,0.4289,Residential,Single Family,24 - Plottage,SALE OF 2 LOTS; SECOND LOT IS VACANT LAND AT 170 HOWARD AVE,,POINT (-73.084950965 41.344091003)
21153,2021,03/02/2022,Darien,30 COUNTRY CLUB ROAD,1272880.00,2500863.00,0.508976301,Residential,Single Family,,,,POINT (-73.499615031 41.11120699)
21228,2021,03/01/2022,Guilford,5 SALT MEADOW VIEW LN,470290.00,880000.00,0.5344,Residential,Single Family,,,,POINT (-72.656044035 41.295607016)
210209,2021,11/24/2021,New Britain,168 ARCH ST,329000.00,103750.00,3.171084337,Commercial,,08 - Part Interest,,,POINT (-72.782184972 41.663484011)
211000,2021,07/11/2022,New Britain,121 CLARK ST,91070.00,193500.00,0.4706,Residential,Two Family,,,,POINT (-72.779800991 41.675221986)
21072,2021,06/14/2022,Goshen,LOT 6 TYLER RIDGE DR,117650.00,110000.00,1.0695,Vacant Land,,,,,POINT (-73.258744972 41.826584128)
210007,2021,12/01/2021,Bridgewater,5 KEELER ROAD,190300.00,330000.00,0.5766,Residential,Single Family,,,,POINT (-73.355968992 41.536765015)
210907,2021,05/24/2022,Bristol,"155 REDSTONE HILL RD, U#57",67550.00,164900.00,0.4096,Residential,Condo,,,,POINT (-72.908835026 41.659368999)
210098,2021,04/08/2022,Canton,10 SUGAR CAMP ROAD,195300.00,187500.00,1.0416,Residential,Single Family,08 - Part Interest,,,POINT (-72.917538962 41.830718988)
210754,2021,04/18/2022,Bristol,78 NICHOLAS DR #78,75740.00,149900.00,0.5052,Residential,Condo,,,,POINT (-72.897080999 41.682672995)
210320,2021,07/11/2022,Ledyard,2 WEST DR,154630.00,250000.00,0.6185,Residential,Condo,,,,POINT (-72.06762496 41.427653004)
210175,2021,05/19/2022,Mansfield,41 MAPLEWOOD RD,91900.00,189995.00,0.4836,Residential,Single Family,,SUN ROLLING HILLS LLC MH PARK 55+,,POINT (-72.274376001 41.821160015)
21122,2021,12/13/2021,Farmington,9 TANGLEWOOD RD,182670.00,360000.00,0.5074,Residential,Single Family,,,,POINT (-72.862385033 41.753347987)
211179,2021,06/29/2022,Danbury,23 SCUPPO RD 1-2,88400.00,205000.00,0.4312,Residential,Condo,,F14067-1-2,,POINT (-73.483795027 41.391915)
211200026,2021,12/30/2021,Woodbury,34 ARROWHEAD WAY #A3,42080.00,87000.00,0.4836,Residential,Condo,,,,POINT (-73.208264016 41.567001013)
20021,2002,10/24/2002,Ledyard,4 BIRCH ST,54600.00,78000.00,0.7,,,,,,
210017,2021,11/17/2021,East Granby,16 HATCHET HILL ROAD,60700.00,60000.00,1.011666667,Vacant Land,,,"PP TOO LOW, RATIO TOO HIGH VACANT LOT",GOOD SALE PER MLS,POINT (-72.742779969 41.918097018)
210173,2021,05/03/2022,Ellington,27 FAIRVIEW AVE,54660.00,73000.00,0.7487,Vacant Land,,,,,POINT (-72.456226492 41.875041141)
21185,2021,03/28/2022,Monroe,107 HARVESTER RD,229900.00,531000.00,0.4329,Residential,Single Family,07 - Change in Property,REMODEL PERMITS ISSUED AFTER 10/01/21,,POINT (-73.232264003 41.325557987)
211200,2021,08/30/2022,Hamden,510 RIVER RD,237790.00,520000.00,0.4572,Residential,Single Family,,,,POINT (-72.912423989 41.438363987)
210050,2021,11/12/2021,Bloomfield,134 TUNXIS AVE,105540.00,210000.00,0.5025,Residential,Single Family,,,,POINT (-72.742965963 41.841675016)
21000469,2021,08/16/2022,Cheshire,290 TOWPATH LANE,264260.00,42500.00,6.2178,Residential,Single Family,01 - Family,,,POINT (-72.923670995 41.48174)
210140,2021,12/10/2021,Branford,136 TURTLE BAY DR,178800.00,380900.00,0.4694,Residential,Condo,,,,POINT (-72.83469902 41.259949017)
210607,2021,04/26/2022,Fairfield,191 DOREEN DRIVE,344050.00,1388000.00,0.24787464,Residential,Single Family,07 - Change in Property,PERMIT WORK,,POINT (-73.26993697 41.155910991)
210000021,2021,05/10/2022,Colebrook,404 COLEBROOK ROAD,311700.00,717500.00,0.4344,Residential,Single Family,,,,POINT (-73.102085 41.96822499)
210179,2021,05/23/2022,Mansfield,275 BROWNS RD,168700.00,380000.00,0.4439,Residential,Single Family,,,,POINT (-72.224794027 41.763103014)
210068,2021,06/14/2022,Bethany,15 RAINBOW RD,179860.00,395000.00,0.4553,Residential,Single Family,,,,POINT (-72.981093988 41.439975994)
210078,2021,12/02/2021,New Canaan,113 THURTON DR,1700230.00,2485000.00,0.6841,Residential,Single Family,,,,POINT (-73.51535197 41.128513986)
21403,2021,09/22/2022,Bethel,11 CHERRY LANE,168248.00,419000.00,0.401546539,Residential,Single Family,,,,POINT (-73.423362008 41.364191017)
210125,2021,11/24/2021,Glastonbury,486 TALL TIMBERS RD,241900.00,399900.00,0.6049,Residential,Single Family,,,,POINT (-72.570525991 41.693700017)
21203,2021,04/14/2022,Monroe,304C FAIRMOUNT DR,107200.00,187500.00,0.5717,Residential,Condo,,,,POINT (-73.270267971 41.337859017)
210599,2021,03/07/2022,Bristol,85 ILLINOIS AVE,135170.00,305000.00,0.443180328,Residential,Single Family,,,,POINT (-72.905224018 41.71050699)
210781,2021,04/25/2022,Bristol,60 PARK ST,89680.00,225000.00,0.3985,Residential,Two Family,,,,POINT (-72.952217997 41.672260995)
210227,2021,05/13/2022,Berlin,86 KENWOOD ST,167000.00,350000.00,0.4771,Residential,Single Family,,,,POINT (-72.782159994 41.636103979)
211234,2021,07/11/2022,Danbury,37 GOLDEN HILL RD,178000.00,185000.00,0.9621,Residential,Single Family,25 - Other,ESTATE / H11132,,POINT (-73.463704024 41.410431001)
210615,2021,08/30/2022,Branford,35 TURTLE BAY DR,337300.00,749000.00,0.4503,Residential,Condo,,,,POINT (-72.834086974 41.254090989)
21098,2021,09/12/2022,Canterbury,30 WAUREGAN RD,205900.00,280000.00,0.7353,Residential,Single Family,,,,POINT (-71.95689499 41.741669984)
21031,2021,11/23/2021,Haddam,1144 KILLINGWORTH RD,244450.00,495000.00,0.4938,Residential,Single Family,,,,POINT (-72.562466037 41.420579013)
210068,2021,11/22/2021,Ledyard,11 PALMER DR,186200.00,359900.00,0.5173,Residential,Single Family,,,,POINT (-72.074658969 41.426874996)
210420,2021,08/23/2022,New Canaan,745 CARTER ST,918750.00,1387500.00,0.6621,Residential,Single Family,,,,POINT (-73.461638975 41.136836)
211259,2021,07/14/2022,Danbury,8 KIMBERLY TL,171100.00,215000.00,0.7958,Residential,Single Family,14 - Foreclosure,SALE OF FORECLOSURE / D16040,,POINT (-73.503362999 41.380788987)
210036,2021,11/01/2021,Cromwell,262 SKYVIEW DRIVE UNIT U-3,105910.00,235000.00,0.4506,Residential,Condo,,,,POINT (-72.680964019 41.606048989)
210422,2021,06/07/2022,Branford,55 MEADOW WOOD RD,273500.00,400000.00,0.6837,Residential,Single Family,07 - Change in Property,"VERY POOR CONDITION/SOLD ""AS IS""",,POINT (-72.781426996 41.277916004)
21308,2021,07/26/2022,Monroe,63 BIRCHWOOD RD,208100.00,465000.00,0.4475,Residential,Single Family,,,,POINT (-73.293552982 41.337955995)
210300,2021,09/15/2022,Ellington,8 PUNKIN DR,167560.00,349525.00,0.479393463,Residential,Single Family,,,,POINT (-72.469817005 41.926306003)
210164,2021,12/17/2021,Glastonbury,77 KIMBERLY LN,198000.00,395000.00,0.5012,Residential,Single Family,,,,POINT (-72.601069982 41.650212985)
211208,2021,09/19/2022,New Britain,306 CHESTNUT ST,117180.00,200000.00,0.5859,Residential,Two Family,08 - Part Interest,,,POINT (-72.770838976 41.666767998)
211181,2021,08/04/2022,Bristol,15 OWSIANKO LN,148330.00,312000.00,0.4754,Residential,Single Family,,,,POINT (-72.899173961 41.667328999)
210176,2021,08/17/2022,Essex,9 RUSSET LA,301300.00,775000.00,0.3887,Residential,Single Family,,,,POINT (-72.395832041 41.345404993)
211494,2021,05/04/2022,Bridgeport,463 SALEM STREET,137630.00,350000.00,0.3932,Residential,Single Family,,,,POINT (-73.206081033 41.196886008)
21251,2021,05/31/2022,Darien,36 RICHMOND DRIVE,589260.00,1100500.00,0.5354,Residential,Single Family,,,,POINT (-73.458223014 41.090590987)
211812,2021,06/29/2022,Bridgeport,20 MANILA PL #26,148210.00,262000.00,0.5656,Residential,Two Family,,,,POINT (-73.158964009 41.202373012)
210001,2021,10/01/2021,Glastonbury,47 ADDISON POND RD,113000.00,217000.00,0.5207,Residential,Condo,,,,POINT (-72.577704001 41.722117016)
210235,2021,07/12/2022,Mansfield,12C WHITE OAK CONDOS,41200.00,94500.00,0.4359,Residential,Condo,,,,POINT (-72.250300121 41.772668459)
21324,2021,07/14/2022,Bethel,12 HUNTING RIDGE LANE,89383.00,571581.00,0.1563,Residential,Condo,07 - Change in Property,,,POINT (-73.410751393 41.383743769)
210131,2021,04/01/2022,Coventry,89 STANDISH RD,240200.00,360000.00,0.6672,Residential,Single Family,,,,POINT (-72.33227098 41.782467012)
211229,2021,09/23/2022,New Britain,29 SOUTH MOUNTAIN DR,114730.00,300000.00,0.3824,Residential,Single Family,,,,POINT (-72.808734985 41.657517982)
21000196,2021,08/25/2022,Granby,15 ICE POND RD,194600.00,397250.00,0.4898,Residential,Single Family,,,,POINT (-72.788568965 41.918452998)
21232,2021,05/10/2022,Bethel,79 PAYNE ROAD,219170.00,524112.00,0.4181,Residential,Single Family,,,,POINT (-73.402777982 41.408693013)
210019,2021,10/27/2021,Litchfield,248 OLD MT TOM RD,478600.00,160000.00,2.99125,Vacant Land,,07 - Change in Property,,ASSESSMENT INCLUDES NEW HOUSE,POINT (-73.28500101 41.708550989)
210456,2021,09/30/2022,Killingly,104 FRANKLIN ST,110320.00,250000.00,0.4412,Residential,Two Family,,,,POINT (-71.881946023 41.798903002)
211833,2021,07/01/2022,Bridgeport,3012-C MADISON AVE,62070.00,137500.00,0.4514,Residential,Condo,,,,POINT (-73.226341015 41.215380007)
210244,2021,02/07/2022,Branford,37 FENWAY RD,283600.00,471000.00,0.6021,Residential,Single Family,,,,POINT (-72.815368005 41.254787986)
210040,2021,10/18/2021,Middletown,97 MINER ST,212990.00,459900.00,0.4631,Residential,Single Family,,,,POINT (-72.705601031 41.580508995)
2100305,2021,07/27/2022,Madison,281 OLD TOLL RD,165100.00,140000.00,1.1792,Residential,Single Family,12 - Non Buildable Lot,sale of abutting parcels/same buyer & seller,,POINT (-72.654839974 41.357344008)
210238,2021,05/23/2022,Cromwell,98 WOODLAND DRIVE,60550.00,160000.00,0.3784,Residential,Condo,,,,POINT (-72.678149041 41.613509008)
210219,2021,01/28/2022,Glastonbury,592 HEBRON AVE,730700.00,1565786.00,0.4666,Commercial,,,,,POINT (-72.592394041 41.714085979)
210656,2021,02/22/2022,Danbury,60 STATE ST,110000.00,245000.00,0.4489,Residential,Single Family,,J14080,,POINT (-73.445605986 41.392241014)
210104,2021,12/21/2021,Avon,73 BRONSON ROAD,192600.00,259000.00,0.7436,Residential,Single Family,,,,POINT (-72.869637978 41.77867198)
210096,2021,04/01/2022,Canton,59 WICKHAMS FANCY,156650.00,210000.00,0.7459,Residential,Condo,,,,POINT (-72.926491511 41.828096066)
210076,2021,10/22/2021,New Britain,57 WHITING ST,622720.00,1275000.00,0.4884,Commercial,,,,,POINT (-72.781428002 41.66062398)
21269,2021,04/04/2022,Guilford,98 SADDLE HILL RD,218090.00,455000.00,0.4793,Residential,Single Family,,,,POINT (-72.740332034 41.343211993)
210248,2021,07/21/2022,Harwinton,157 PLYMOUTH RD,172570.00,399000.00,0.4325,Residential,Single Family,,,,POINT (-73.044724033 41.751302007)
21348,2021,05/31/2022,Guilford,1443 LITTLE MEADOW RD,362580.00,860000.00,0.4216,Residential,Single Family,,,,POINT (-72.69965097 41.33564699)
210516,2021,07/19/2022,Glastonbury,79 BRIDLEPATH LN,182300.00,295000.00,0.6179,Residential,Single Family,,,,POINT (-72.540380979 41.694000006)
210351,2021,07/08/2022,New Canaan,289 NEW NORWALK RD-#5,657860.00,1011000.00,0.6507,Residential,Condo,,,,POINT (-73.48451696 41.149401018)
210207,2021,04/26/2022,Cromwell,22 GLENVIEW DRIVE UNIT 16 C4,126210.00,230000.00,0.5487,Residential,Condo,25 - Other,"PRIVATE SALE, NOT ON OPEN MARKET",,POINT (-72.690429032 41.606107998)
210179,2021,11/17/2021,Hamden,48 FURMAN RD,112700.00,230000.00,0.49,Residential,Single Family,,,,POINT (-72.950194018 41.345667011)
212196,2021,09/08/2022,Bridgeport,452 SUMMIT ST,214598.00,430000.00,0.499,Residential,Three Family,,,,POINT (-73.203779027 41.205102997)
211038,2021,07/20/2022,Hamden,365 MATHER ST U38,59710.00,135000.00,0.4422,Residential,Condo,,,,POINT (-72.922237019 41.359736999)
21000124,2021,12/13/2021,Cheshire,13 ABBEY CT,177440.00,340000.00,0.5218,Residential,Single Family,,,,POINT (-72.906472 41.532849996)
211290,2021,09/26/2022,Hamden,41 HOMESTEAD AVE,163870.00,370000.00,0.4428,Residential,Two Family,,,,POINT (-72.928909013 41.357488009)
210272,2021,08/08/2022,Ellington,1 JACOBS HILL RD,156560.00,360000.00,0.4348,Residential,Single Family,27 - CRUMBLING FOUNDATION ASSESSMENT REDUCTION,ASSESSMENT REDUCED DUE TO FOUNDATION,,POINT (-72.340790011 41.938314001)
212080,2021,08/16/2022,Bridgeport,186 ISLAND BROOK AVE,274750.00,405000.00,0.6783,Industrial,,,,,POINT (-73.190006974 41.200121004)
2100100,2021,06/30/2022,Marlborough,137 JONES HOLLOW RD,176410.00,400000.00,0.441,Residential,Single Family,,,,POINT (-72.462014962 41.649148987)
211593,2021,05/18/2022,Bridgeport,325 LAFAYETTE ST  UNIT #4210,49770.00,123500.00,0.4029,Residential,Condo,,,,POINT (-73.189155037 41.167946985)
210117,2021,01/03/2022,Bloomfield,16 NORTHWOOD DRIVE,487060.00,710000.00,0.686,Industrial,,,,,POINT (-72.705040031 41.849487998)
211033,2021,07/20/2022,Hamden,352 PINE ROCK AVE,46060.00,100000.00,0.4606,Vacant Land,,25 - Other,,DUPLICATE ENTRY - ALSO SEE #211007,POINT (-72.946166011 41.343530003)
210516,2021,02/03/2022,Bristol,40 FERN HILL ROAD,112840.00,237000.00,0.4761,Residential,Single Family,,,,POINT (-72.943200997 41.694952986)
210235,2021,08/01/2022,Derby,14 HOMESTEAD AVE,159530.00,365000.00,0.437,Residential,Single Family,,,,POINT (-73.06379303 41.311095013)
210084,2021,07/28/2022,Bethany,16 COACHMANS LN,406580.00,800000.00,0.5082,Residential,Single Family,,,,POINT (-73.034621995 41.414706987)
21029,2021,10/15/2021,Farmington,29 FARM DR,149710.00,281000.00,0.5327,Residential,Condo,,,,POINT (-72.875216972 41.733197012)
210294,2021,11/30/2021,Danbury,92 FRANKLIN ST,118700.00,202000.00,0.5876,Residential,Single Family,,H13057,,POINT (-73.466955029 41.40039099)
210042,2021,12/06/2021,Essex,7 HANNA LA,1008200.00,3650000.00,0.2762,Residential,Single Family,,,,POINT (-72.392561004 41.358237016)
21046,2021,11/01/2021,Bethel,12 EVERGREEN DRIVE,205380.00,487000.00,0.4217,Residential,Single Family,,,,POINT (-73.387176997 41.410174012)
211168,2021,08/19/2022,Hamden,746 SHEPARD AVE,157710.00,320000.00,0.4928,Residential,Single Family,,,,POINT (-72.923693039 41.394515988)
211076,2021,08/05/2022,New Britain,53 AUDUBON ST,105140.00,235000.00,0.4474,Residential,Single Family,,,,POINT (-72.763948968 41.687686002)
210995,2021,08/03/2022,Fairfield,451 SOUTH BENSON ROAD,395080.00,725000.00,0.5449,Residential,Single Family,,,,POINT (-73.241862037 41.143857018)
21066,2021,03/03/2022,Haddam,14 BARTMAN RD,213350.00,382000.00,0.558507853,Residential,Single Family,,,,POINT (-72.556806995 41.444609008)
210331,2021,07/26/2022,Bloomfield,17 OAK LANE,150570.00,300000.00,0.5019,Residential,Single Family,,,,POINT (-72.736101017 41.81959)
210105,2021,05/12/2022,Brooklyn,341 DAY ST,82800.00,410000.00,0.2019,Residential,Single Family,07 - Change in Property,,,POINT (-71.919544978 41.815387021)
210561,2021,02/23/2022,Bristol,76 OSULLIVAN DRIVE,131320.00,245000.00,0.536,Residential,Single Family,,,,POINT (-72.894711016 41.692458993)
210330,2021,01/14/2022,Fairfield,1353 MILL PLAIN ROAD,272580.00,450000.00,0.6057,Residential,Single Family,,,,POINT (-73.265976018 41.158766999)
210174,2021,02/23/2022,New Canaan,34 HERITAGE HILL RD-UNIT C,569520.00,940000.00,0.6058,Residential,Condo,,,,POINT (-73.494971038 41.149861017)
210342,2021,08/26/2022,Cromwell,9 NORDLAND AVENUE,148330.00,265000.00,0.5597,Residential,Single Family,,,,POINT (-72.644681024 41.60358999)
210370,2021,08/16/2022,Ledyard,12 KINGS HWY,177730.00,280000.00,0.6347,Residential,Single Family,,,,POINT (-72.081530035 41.423411007)
211218,2021,09/21/2022,New Britain,6 GREENFIELD DR,86030.00,200000.00,0.4301,Residential,Single Family,01 - Family,,,POINT (-72.761812002 41.678889991)
211578,2021,05/16/2022,Bridgeport,230 LEWIS ST,101210.00,265000.00,0.3819,Residential,Single Family,,,,POINT (-73.200484017 41.170851021)
21144,2021,01/18/2022,Bethel,15 RAVENCREST DRIVE,339290.00,660000.00,0.514,Residential,Single Family,,,,POINT (-73.359155037 41.364124004)
21546,2021,09/07/2022,Farmington,58 MALLARD DR 85D,100070.00,208500.00,0.4799,Residential,Condo,,,,POINT (-72.879615963 41.763614016)
210143,2021,06/30/2022,Canton,3 DRAKE LANE,214100.00,397200.00,0.539,Residential,Single Family,,,,POINT (-72.887522025 41.813634993)
210050,2021,10/21/2021,Middletown,157 FRONT ST,137120.00,202000.00,0.6788,Residential,Two Family,,,,POINT (-72.64107999 41.544406)
210331,2021,12/06/2021,Danbury,29 CLEVELAND ST 4,95100.00,270000.00,0.3522,Residential,Condo,,J12107-4,,POINT (-73.438482961 41.403447996)
210677,2021,09/20/2022,Glastonbury,1824 MANCHESTER RD,7350000.00,11393647.00,0.645,Commercial,,,,,POINT (-72.52054202 41.728992021)
210033,2021,06/22/2022,Bridgewater,19 WEWAKA BROOK RD,401700.00,675000.00,0.5951,Residential,Single Family,,,,POINT (-73.347626987 41.513496014)
210385,2021,01/03/2022,Bristol,82 FAIRFIELD ST,122780.00,236000.00,0.5202,Residential,Single Family,,,,POINT (-72.937907992 41.691096011)
210395,2021,08/15/2022,Avon,236 WATERVILLE ROAD,169510.00,300000.00,0.565,Residential,Single Family,,,,POINT (-72.815440005 41.789825988)
210028,2021,03/31/2022,Lyme,0 STERLING CITY ROAD,115400.00,150000.00,0.7693,Vacant Land,,,,,POINT (-72.337623298 41.383346928)
210911,2021,07/15/2022,Fairfield,17 LONGVIEW AVENUE,321370.00,581780.00,0.5523,Residential,Two Family,,,,POINT (-73.239015962 41.153248982)
210715,2021,01/27/2022,Middletown,141 RIDGEWOOD RD,44490.00,45000.00,0.9886,Vacant Land,,,,,POINT (-72.690960558 41.567701689)
21014,2021,12/20/2021,Chester,27 RIDGE RD,148020.00,83000.00,1.7833,Residential,Single Family,25 - Other,PROPERTY ESTATE SALE,,POINT (-72.459281037 41.404384003)
210397,2021,08/10/2022,New Canaan,89 COMSTOCK HILL RD,653660.00,1540000.00,0.4244,Residential,Single Family,,,,POINT (-73.453723022 41.148740985)
211502,2021,05/04/2022,Bridgeport,334 CARROLL AVE,13990.00,36000.00,0.3886,Vacant Land,,25 - Other,NO EXPOSURE,,POINT (-73.163041961 41.177335059)
210106,2021,12/28/2021,Killingly,16 JEFFERSON ST,144690.00,305000.00,0.4743,Residential,Single Family,,,,POINT (-71.878297968 41.795546008)
210023,2021,10/07/2021,Hamden,38 PEMBROKE RD,118510.00,250000.00,0.474,Residential,Single Family,,,,POINT (-72.944768999 41.360970019)
210263,2021,04/28/2022,Killingly,27 LEWIS BLVD,122360.00,140000.00,0.874,Residential,Single Family,,,,POINT (-71.878941027 41.818249985)
210438,2021,11/30/2021,Bridgeport,316 BENHAM AVE,141520.00,277000.00,0.5109,Residential,Single Family,,,,POINT (-73.20191397 41.180398008)
210086,2021,10/19/2021,Danbury,135 BRENTWOOD CI,325900.00,661046.00,0.493,Residential,Condo,,B16001-29,,POINT (-73.524558607 41.384932534)
210397,2021,01/07/2022,Bristol,535 BROAD ST,731430.00,2900000.00,0.252217241,Commercial,,,,,POINT (-72.916872554 41.67134272)
210062,2021,11/18/2021,Ledyard,109 AVERY HILL RD,83790.00,97785.00,0.8568,Residential,Single Family,08 - Part Interest,MH ONLY,,POINT (-72.043411989 41.464156989)
210573,2021,04/14/2022,Fairfield,150 PARKWOOD ROAD,798770.00,1530000.00,0.522,Residential,Single Family,,,,POINT (-73.245610005 41.162766005)
21142,2021,01/03/2022,Guilford,234 MULBERRY POINT RD,177800.00,449000.00,0.3959,Residential,Single Family,,,,POINT (-72.689012993 41.266178992)
210710,2021,03/07/2022,Danbury,55 CROSS ST C-6,106300.00,225000.00,0.4724,Residential,Condo,,K13133-24,,POINT (-73.428082025 41.397567001)
210654,2021,03/22/2022,Bristol,16 DUDLEY ST,67690.00,135000.00,0.5014,Residential,Two Family,,,,POINT (-72.953581984 41.668329002)
210054,2021,03/28/2022,Kent,188 BULLS BRIDGE RD,162900.00,306500.00,0.5314,Residential,Single Family,,,,POINT (-73.497755003 41.679824992)
210686,2021,04/05/2022,New Britain,130B-403 CLINIC DR,28350.00,70000.00,0.405,Residential,Condo,,,,POINT (-72.783372017 41.648807005)
21070,2021,01/10/2022,Burlington,45 SAVARESE LN,118650.00,14000.00,8.475,Residential,Single Family,06 - Portion of Property,ONE OWNER LEAVING OWNERSHIP,,POINT (-72.965998013 41.763314992)
210072,2021,10/01/2021,New Canaan,180 PARK ST- UNIT D-207,1755670.00,3000000.00,0.5852,Residential,Condo,07 - Change in Property,NEW CONDO UNIT AT THE VUE NEW CANAAN,,POINT (-73.494666371 41.143323043)
210188,2021,07/12/2022,Litchfield,26 SEDGEWICK LN,215130.00,435000.00,0.4945,Residential,Three Family,,,,POINT (-73.186030012 41.748415992)
210013,2021,10/12/2021,Madison,247B OLD TOLL RD & 142-3,178400.00,334900.00,0.5326,Residential,Single Family,28 - Use Assessment,sale of 2 parcels & pa 490 classification,,POINT (-72.656306975 41.356289983)
21093,2021,11/30/2021,Guilford,240 DEER LN,378050.00,730000.00,0.517876712,Residential,Single Family,25 - Other,,RELOCATION - SEE #21092,POINT (-72.672756963 41.304636002)
210404,2021,05/31/2022,Branford,220 MAPLE ST,217400.00,380000.00,0.5721,Residential,Single Family,,,,POINT (-72.826471009 41.271657991)
210136,2021,11/04/2021,Fairfield,3555 MOREHOUSE HIGHWAY,333550.00,569000.00,0.5862,Residential,Single Family,,,,POINT (-73.278566978 41.229453013)
210229,2021,12/03/2021,Hamden,1640 SHEPARD AVE,148890.00,265000.00,0.5618,Residential,Single Family,,EXECUTOR'S DEED,,POINT (-72.922485961 41.418747986)
210570,2021,03/23/2022,Hamden,62 WOODBINE ST,136150.00,205000.00,0.6641,Residential,Single Family,,,,POINT (-72.91517099 41.358860001)
211723,2021,06/13/2022,Bridgeport,176 DAYTON RD,150370.00,255000.00,0.5896,Residential,Single Family,,,,POINT (-73.184099995 41.216727985)
211266,2021,08/26/2022,Bristol,"155 REDSTONE HILL RD., #72",67690.00,145500.00,0.4652,Residential,Condo,,,,POINT (-72.908835026 41.659368999)
210215,2021,05/03/2022,Berlin,66 BLUE RIDGE DR,215000.00,430000.00,0.5,Residential,Single Family,,,,POINT (-72.796292972 41.612082995)
211015,2021,06/22/2022,Bristol,31 EBERT RD,109760.00,51752.94,2.120845695,Residential,Single Family,01 - Family,FAMILY SALE,,POINT (-72.924395023 41.651589)
210079,2021,12/28/2021,Ellington,109 ORCHARD ST,122630.00,195000.00,0.6288,Residential,Single Family,,,,POINT (-72.458571006 41.871557004)
21201,2021,04/04/2022,Bethel,5 LAURA LANE,108010.00,285000.00,0.3789,Residential,Condo,,,,POINT (-73.425778008 41.367949001)
2100668,2021,09/16/2022,Naugatuck,246 MAY ST,118550.00,255000.00,0.4649,Residential,Single Family,,,,POINT (-73.036733984 41.488155006)
210072,2021,01/27/2022,Essex,WESTBROOK RD,1700.00,198000.00,0.0085,Vacant Land,,28 - Use Assessment,ALSO LOCATED IN 2 TOWNS,,POINT (-72.422111016 41.333368608)
21066,2021,06/20/2022,Canterbury,0 MILLER RD,46400.00,68000.00,0.6823,Vacant Land,,16 - Charitable Group,MAP 4 LOT 7 31.00 AC,,POINT (-72.049624855 41.693397127)
210168,2021,11/15/2021,New Britain,30 YEATON ST,93660.00,125000.00,0.7492,Residential,Single Family,,,,POINT (-72.793274984 41.699193014)
210109,2021,04/21/2022,Essex,34 FORDHAM RD,303800.00,791000.00,0.384,Residential,Single Family,,NO BUILDING PERMITS IN SYSTEM,,POINT (-72.377883034 41.336499011)
210286,2021,09/13/2022,Clinton,2 BLAKE AVE,366637.00,835000.00,0.439,Residential,Single Family,,,,POINT (-72.510953961 41.259202986)
210252,2021,08/02/2022,Mansfield,66 BALL HILL RD,218600.00,375000.00,0.582933333,Residential,Single Family,25 - Other,PURCHASED BY ABUTTER,,POINT (-72.265815983 41.786295991)
211065,2021,07/28/2022,Hamden,312 BATTIS RD,120120.00,259000.00,0.4637,Residential,Single Family,,,,POINT (-72.930093963 41.362734996)
21012,2021,10/18/2021,East Haddam,29 FALLS BASHAN RD,204470.00,400000.00,0.5111,Residential,Single Family,,,,POINT (-72.42481398 41.505905991)
218438,2021,08/15/2022,Middletown,5 YELLOW GREEN RD,123020.00,255000.00,0.4824,Residential,Single Family,,,,POINT (-72.674438037 41.527245017)
2100021,2021,11/12/2021,Marlborough,102 PETTENGILL RD,159850.00,315000.00,0.5074,Residential,Single Family,,,,POINT (-72.474217002 41.632290004)
210131,2021,01/24/2022,Avon,13 COTTONWOOD DRIVE,119990.00,210000.00,0.5713,Residential,Condo,,,,POINT (-72.879237017 41.771912017)
210577,2021,11/23/2021,Bridgeport,3250 FAIRFIELD AVE #205,113340.00,235000.00,0.482297872,Residential,Condo,,,,POINT (-73.233418024 41.156224013)
210524,2021,01/20/2022,Danbury,191 WESTVILLE AV,186000.00,425000.00,0.4376,Residential,Single Family,,F13088,,POINT (-73.485071004 41.401189995)
211410,2021,08/22/2022,Danbury,97 HAYESTOWN RD,215700.00,266039.00,0.810783381,Residential,Single Family,01 - Family,J08076,,POINT (-73.443757022 41.42604502)
210534,2021,07/26/2022,Branford,F72 RIVERVIEW CROSSING,75000.00,148000.00,0.5067,Residential,Condo,,,,POINT (-72.853819985 41.255074018)
210018,2021,11/16/2021,Bethany,530 BETHMOUR RD,228780.00,375000.00,0.61,Residential,Single Family,,,,POINT (-73.009462037 41.413549991)
210040,2021,12/28/2021,Easton,56 BANKS ROAD,272580.00,375000.00,0.7268,Residential,Single Family,,,,POINT (-73.284906965 41.246001991)
210168,2021,10/25/2021,Bridgeport,74-76 SANFORD PL,198670.00,321500.00,0.6179,Residential,Three Family,,,,POINT (-73.19802703 41.178580979)
218268,2021,06/21/2022,Middletown,452 WASHINGTON ST,65760.00,170000.00,0.3868,Residential,Single Family,,,,POINT (-72.666180019 41.557376995)
2121234,2021,05/19/2022,Ansonia,14 N COE LA,108800.00,170000.00,0.64,Residential,Single Family,14 - Foreclosure,"LOW SALE, SOLD OUT OF FCL AS-IS",,POINT (-73.061120963 41.327486998)
210555,2021,07/21/2022,East Windsor,74 DEPOT ST,105520.00,274000.00,0.3851,Residential,Single Family,,,,POINT (-72.53807604 41.916458985)
210296,2021,12/13/2021,Bristol,218 WOLCOTT ST,99930.00,32000.00,3.1228,Residential,Two Family,01 - Family,FAMILY SALE,,POINT (-72.949996038 41.662487989)
2100368,2021,04/12/2022,Naugatuck,99 LANTERN PARK DRIVE #3,41970.00,140000.00,0.2997,Residential,Condo,,,,POINT (-73.065665966 41.509038015)
210089,2021,01/20/2022,East Windsor,26 WOLFERSDORF RD,140160.00,307500.00,0.4558,Residential,Single Family,,,,POINT (-72.51786199 41.910122015)
210466,2021,01/24/2022,Bristol,20 WARD ST,96320.00,232500.00,0.4142,Residential,Two Family,,,,POINT (-72.949115016 41.675081002)
211067,2021,07/28/2022,Hamden,80 MARTIN TR,172900.00,385000.00,0.449,Residential,Single Family,,,,POINT (-72.920966993 41.352845985)
210200,2021,03/24/2022,New Canaan,148 BRUSHY RIDGE RD,691950.00,1601000.00,0.4321,Residential,Single Family,,,,POINT (-73.490257977 41.156503005)
21017,2021,10/22/2021,East Haddam,3 HILLSIDE RD,64430.00,90100.00,0.715,Vacant Land,,,,,POINT (-72.336017472 41.529350283)
210010,2021,10/04/2021,Branford,10 WILFORD AVE,200200.00,390000.00,0.5133,Residential,Two Family,,,,POINT (-72.810005011 41.279091985)
210084,2021,04/29/2022,Easton,36 FAR HORIZONS DRIVE,204890.00,269000.00,0.7616,Residential,Single Family,,,,POINT (-73.272694471 41.230979767)
210817,2021,06/23/2022,Fairfield,279 REID STREET,286580.00,400000.00,0.7164,Residential,Single Family,,,,POINT (-73.251574986 41.172980988)
210381,2021,09/28/2022,Berlin,171 SCENIC DR,0.00,453120.00,0,Residential,Condo,07 - Change in Property,,,POINT (-72.719074019 41.635737019)
211513,2021,09/12/2022,Danbury,57 NORTH ST 215 & 216,53000.00,105400.00,0.5028,Commercial,,25 - Other,2 PARCELS SOLD TOGETHER / I12007-33 & 34,,POINT (-73.457030018 41.406710987)
210048,2021,10/13/2021,Danbury,55 OIL MILL RD 22,82200.00,164000.00,0.5012,Residential,Condo,,H14137-22,,POINT (-73.463893958 41.39038899)
210208,2021,06/23/2022,Derby,277 OLIVIA ST,185150.00,345000.00,0.5366,Residential,Two Family,,,,POINT (-73.090385959 41.326972014)
210358,2021,09/01/2022,Berlin,7 PEQUOT CIRCLE,236500.00,430000.00,0.55,Residential,Single Family,,,,POINT (-72.773535015 41.590769995)
210056,2021,05/19/2022,Bolton,152 HEBRON RD,136700.00,360000.00,0.3797,Residential,Single Family,07 - Change in Property,FLIPPED PROPERTY,,POINT (-72.426112002 41.747876993)
210063,2021,07/05/2022,Bolton,WEST ST,5040.00,15000.00,0.336,Vacant Land,,28 - Use Assessment,5 ACS SPLIT FROM 30 ACS W/FOREST DESIGNATION,,POINT (-72.437342703 41.744837998)
21000288,2021,05/10/2022,Cheshire,148 EASTGATE DR,179240.00,450000.00,0.3983,Residential,Single Family,,,,POINT (-72.89376998 41.512699985)
212203,2021,09/09/2022,Bridgeport,288 CARROLL AVE,91870.00,141224.00,0.6505,Residential,Single Family,14 - Foreclosure,,,POINT (-73.162740978 41.176724011)
210174,2021,12/27/2021,Branford,19 LEETES ISLAND RD #37,36000.00,99000.00,0.3636,Residential,Single Family,,MOBILE HOME ONLY,,POINT (-72.766670991 41.297903993)
211730,2021,06/13/2022,Bridgeport,160 WAKE ST #162,160290.00,250000.00,0.6411,Residential,Single Family,25 - Other,NO EXPOSURE,,POINT (-73.159484022 41.201721989)
210454,2021,02/14/2022,Hamden,1319 DUNBAR HILL RD,132650.00,155000.00,0.8558,Residential,Single Family,,,,POINT (-72.945586989 41.391839018)
212083,2021,08/16/2022,Bridgeport,170 LAKESIDE AVE,164530.00,385000.00,0.4273,Residential,Single Family,,,,POINT (-73.201978008 41.223888016)
210695,2021,05/23/2022,Fairfield,350 MOREHOUSE HIGHWAY,315350.00,650000.00,0.4851,Residential,Single Family,07 - Change in Property,UPDATES & UPGRADES,,POINT (-73.248048971 41.195448009)
2100423,2021,05/16/2022,Naugatuck,307 PARK AVENUE,129610.00,290000.00,0.4469,Residential,Single Family,,,,POINT (-73.06298996 41.500784984)
211045,2021,05/31/2022,Danbury,160 SHELTER ROCK RD 8,113000.00,278000.00,0.4064,Residential,Condo,,M14002-8,,POINT (-73.412475005 41.394514982)
210884,2021,06/16/2022,Hamden,84 BROADWAY,93380.00,120000.00,0.7781,Residential,Single Family,,,,POINT (-72.892794997 41.401252021)
210327,2021,04/18/2022,Glastonbury,117 THREE MILE RD,195100.00,412000.00,0.4735,Residential,Single Family,,,,POINT (-72.547317004 41.685349001)
210954,2021,02/14/2022,Bridgeport,333 VINCELLETTE ST UNIT #23,66420.00,145000.00,0.458068966,Residential,Condo,,,,POINT (-73.218168995 41.214528992)
210905,2021,04/28/2022,Danbury,12 MOORLAND DR,272000.00,640000.00,0.425,Residential,Condo,,B15004-43,,POINT (-73.522548401 41.38503251)
210160,2021,11/17/2021,Fairfield,51 TAQUOSHE PLACE,494340.00,1250000.00,0.3954,Residential,Single Family,,,,POINT (-73.260011037 41.194261006)
210056,2021,11/23/2021,Avon,46 LAKEVIEW BOULEVARD,132120.00,255000.00,0.5181,Residential,Single Family,,,,POINT (-72.88244804 41.810185002)
211638,2021,05/27/2022,Bridgeport,325 LAFAYETTE ST UNIT #1204,51510.00,150000.00,0.3434,Residential,Condo,,,,POINT (-73.189155037 41.167946985)
210954,2021,06/06/2022,Bristol,"98 SKYRIDGE RD., #1-4-1",73500.00,165000.00,0.4454,Residential,Condo,,,,POINT (-72.948355029 41.659004009)
212089,2021,08/17/2022,Bridgeport,371 WOOD AVE #373,187014.00,375000.00,0.4987,Residential,Three Family,25 - Other,DISTRESS SALE,,POINT (-73.207566841 41.178003093)
21000155,2021,06/30/2022,Granby,13 CRANBERRY LN,176260.00,399900.00,0.4407,Residential,Single Family,,,,POINT (-72.794041006 41.973018014)
210025,2021,10/20/2021,Ledyard,1897 CENTER GROTON RD,283920.00,500000.00,0.5678,Residential,Single Family,,,,POINT (-72.015488014 41.431186018)
211139,2021,06/20/2022,Danbury,39 GREGORY ST,200500.00,325000.00,0.6169,Residential,Single Family,,F13080,,POINT (-73.482315034 41.401023991)
210613,2021,08/29/2022,Glastonbury,23 CROSSROADS LN,146700.00,380000.00,0.386,Residential,Condo,,,,POINT (-72.610357968 41.717417995)
21116,2021,01/24/2022,Darien,9 CLUBHOUSE CIRCLE,869820.00,1507500.00,0.5769,Residential,Single Family,,,,POINT (-73.48022903 41.063884986)
210011,2021,11/08/2021,Bolton,68 HIGH RIDGE FARM LANE,475100.00,620000.00,0.7662,Residential,Single Family,,,,POINT (-72.415365983 41.746363012)
210322,2021,12/06/2021,Danbury,1 HIGH FIELDS DR,392700.00,599000.00,0.6555,Residential,Single Family,,E10085,,POINT (-73.500040999 41.417195993)
211302,2021,09/29/2022,Hamden,148 PUTNAM AVE,124390.00,250000.00,0.4975,Residential,Single Family,,,,POINT (-72.918159977 41.344914986)
2121196,2021,04/14/2022,Ansonia,25 EDGEWOOD AVE,120000.00,325000.00,0.3692,Residential,Single Family,,,,POINT (-73.093693961 41.341097993)
210006,2021,11/01/2021,Bolton,24 BAYBERRY RD,105900.00,250000.00,0.4236,Residential,Single Family,,,,POINT (-72.427577997 41.768665999)
210361,2021,09/15/2022,Cromwell,77 BERLIN ROAD,881860.00,2035434.00,0.4332,Commercial,,,,,POINT (-72.69342397 41.601528)
210129,2021,12/06/2021,Branford,85 PINSKI DR,132200.00,285000.00,0.4638,Residential,Single Family,,,,POINT (-72.855845975 41.274443004)
210346,2021,08/09/2022,Bloomfield,124 COTTAGE GROVE RD,107430.00,250000.00,0.4297,Residential,Single Family,,,,POINT (-72.703516033 41.818164993)
210151,2021,10/22/2021,Bridgeport,556-558 PEARL HARBOR ST,154810.00,200000.00,0.774,Residential,Two Family,,,,POINT (-73.160105037 41.203570995)
210244,2021,12/03/2021,New Britain,146 FAIRVIEW ST,126350.00,350000.00,0.361,Residential,Two Family,,,,POINT (-72.768784991 41.666163999)
210006,2021,10/08/2021,Easton,32 PALMER PLACE,573230.00,805000.00,0.712,Residential,Single Family,,,,POINT (-73.262615964 41.233486008)
210686,2021,03/31/2022,Bristol,99 COUNCIL RING DR,103110.00,286000.00,0.3605,Residential,Single Family,,,,POINT (-72.903491982 41.706652991)
2100173,2021,04/05/2022,Madison,65A MIDDLE BEACH RD,823700.00,1345000.00,0.6124,Residential,Single Family,,,,POINT (-72.596029021 41.270915983)
210049,2021,10/14/2021,New Britain,95 CLINTON ST,85260.00,200000.00,0.4263,Residential,Single Family,,,,POINT (-72.79938799 41.674062014)
210170,2021,11/16/2021,Hamden,133 ARMORY ST,228970.00,560000.00,0.4088,Residential,Single Family,,,,POINT (-72.916072967 41.337435982)
210598,2021,04/04/2022,Hamden,3190 WHITNEY AVE U6,255500.00,245000.00,1.0428,Commercial,,,,,POINT (-72.901624997 41.410594993)
210368,2021,09/06/2022,Bloomfield,5 RYEFIELD HOLLOW DR,190120.00,406000.00,0.4682,Residential,Single Family,,,,POINT (-72.748464994 41.837590012)
21186,2021,03/10/2022,Bethel,12 & 14 STONY HILL ROAD,596680.00,1250000.00,0.4773,Commercial,,,,,POINT (-73.397553039 41.417280986)
2100127,2021,01/28/2022,Madison,31 NORTONTOWN RD,210200.00,250000.00,0.8408,Residential,Single Family,07 - Change in Property,IMPROVED AFTER 10/1/2021,,POINT (-72.629284976 41.290079989)
21000220,2021,03/03/2022,Cheshire,1632 PLANK RD,163880.00,295000.00,0.5555,Residential,Single Family,28 - Use Assessment,PA490,,POINT (-72.952891985 41.525694994)
2100259,2021,08/09/2022,New Fairfield,7 ROCK RIDGE RD,429000.00,900000.00,0.476666667,Residential,Single Family,07 - Change in Property,IMPROVED AFTER 10-1,,POINT (-73.262571881 41.193926888)
210647,2021,05/05/2022,Fairfield,2032 NORTH BENSON ROAD,336350.00,750000.00,0.4484,Residential,Single Family,07 - Change in Property,UPDATES & UPGRADES,,POINT (-73.257988986 41.173763983)
210234,2021,11/03/2021,Bridgeport,385 PRISCILLA ST,44670.00,60000.00,0.7445,Vacant Land,,,,,POINT (-73.171185455 41.212031877)
210268,2021,06/02/2022,Bloomfield,11 ARROWWOOD LANE,206080.00,443500.00,0.4646,Residential,Single Family,,,,POINT (-72.756076014 41.847912996)
210458,2021,11/30/2021,Bridgeport,1017 HOWARD AVE,169327.00,280000.00,0.6047,Residential,Three Family,14 - Foreclosure,,,POINT (-73.213724994 41.174103995)
21057,2021,07/06/2022,Chester,6 PROSPECT ST,149930.00,404000.00,0.371113861,Residential,Single Family,,,,POINT (-72.451116979 41.399517009)
210206,2021,11/26/2021,Hamden,365 MATHER ST U212,76790.00,180000.00,0.4266,Residential,Condo,,,,POINT (-72.922237019 41.359736999)
210563,2021,08/01/2022,East Windsor,24 MAPLE AVE,118440.00,210700.00,0.5621,Residential,Single Family,,,,POINT (-72.645242866 41.851415308)
210076,2021,11/02/2021,Glastonbury,254 FOOTE RD,229000.00,370000.00,0.6189,Residential,Single Family,,,,POINT (-72.594237976 41.659065993)
211429,2021,08/24/2022,Danbury,17 HARVEST HILL RD,226200.00,425000.00,0.5322,Residential,Single Family,,E08005,,POINT (-73.498137972 41.423974983)
21289,2021,07/07/2022,Monroe,73 GREENWOOD LN,338600.00,610000.00,0.555,Residential,Single Family,,,,POINT (-73.201089023 41.308862996)
21000374,2021,06/23/2022,Cheshire,218 CONTOUR DR,152790.00,280000.00,0.5456,Residential,Single Family,07 - Change in Property,,,POINT (-72.903733967 41.517321012)
210095,2021,10/26/2021,Hamden,365 MATHER ST U84,73290.00,156000.00,0.4698,Residential,Condo,,,,POINT (-72.922237019 41.359736999)
210123,2021,10/29/2021,Bristol,505 + 545 REDSTONE HILL RD + L,487690.00,565000.00,0.8631,Residential,Single Family,22 - Money and Personal Property,SALE OF MULTIPLE PARCELS,,POINT (-72.895293978 41.657038998)
21425,2021,08/31/2022,Darien,27 HOLLOW TREE RIDGE RD,499450.00,980000.00,0.5096,Residential,Single Family,,,,POINT (-73.502547021 41.06151802)
210621,2021,04/11/2022,Hamden,351 KNOB HILL DR,209090.00,200000.00,1.0454,Residential,Single Family,,,,POINT (-72.911186988 41.396513018)
21020,2021,02/16/2022,Chaplin,96 ENGLAND RD,117100.00,220000.00,0.5322,Residential,Single Family,,,,POINT (-72.118425999 41.790945014)
210993,2021,06/17/2022,Bristol,"426 EMMETT ST., UNIT #47",48020.00,130000.00,0.3693,Residential,Condo,,,,POINT (-72.907279009 41.660166998)
21371,2021,08/19/2022,Bethel,3 EAGLE ROCK HILL,118440.00,325000.00,0.3644,Residential,Condo,,,,POINT (-73.40802103 41.381634009)
211330,2021,09/14/2022,Bristol,LOT #25A BUSINESS PARK DR,241080.00,660000.00,0.3652,Vacant Land,,,,,POINT (-72.916715755 41.661391036)
210571,2021,08/08/2022,Branford,183 MAPLE ST,169300.00,370000.00,0.4575,Residential,Single Family,,,,POINT (-72.825196037 41.272066986)
210363,2021,01/28/2022,Fairfield,635 STILLSON ROAD,365540.00,649000.00,0.5632,Residential,Single Family,07 - Change in Property,BUILDING PERMITS,,POINT (-73.253911023 41.177871996)
21154,2021,12/27/2021,Farmington,5-F STAUNTON COURT,130500.00,143877.00,0.907,Residential,Condo,25 - Other,BULK SALE GRANTEE PURCHASED 48 OTHER UNITS FROM GRANTOR,,POINT (-72.799486629 41.737624141)
210178,2021,05/19/2022,Clinton,9 GRAYLEDGE DR,189100.00,160000.00,1.1818,Residential,Single Family,25 - Other,NOT ON OPEN MARKET,,POINT (-72.531704033 41.304015993)
210467,2021,06/28/2022,Glastonbury,180 SHODDY MILL RD,243200.00,420000.00,0.579,Residential,Single Family,,,,POINT (-72.523653969 41.696052985)
210811,2021,06/21/2022,Fairfield,125 VESPER STREET,264320.00,565000.00,0.4678,Residential,Single Family,,,,POINT (-73.234403987 41.179839983)
21000048,2021,10/29/2021,Cheshire,401 S MERIDEN RD,284350.00,432000.00,0.6582,Residential,Single Family,,,,POINT (-72.876670981 41.508198987)
21093,2021,12/21/2021,Darien,3 HALF MILE RD,1947680.00,2151000.00,0.9054,Residential,Single Family,08 - Part Interest,,,POINT (-73.484919962 41.106017)
21078,2021,04/20/2022,Haddam,900 SAYBROOK RD,103890.00,205000.00,0.506780488,Residential,Condo,,,,POINT (-72.51500703 41.479898999)
210310,2021,07/05/2022,Bloomfield,37 BURR ROAD,175910.00,365000.00,0.4819,Residential,Single Family,,,,POINT (-72.757514013 41.820297014)
210588,2021,12/17/2021,Bridgeport,401 BREWSTER AVE,167435.00,285000.00,0.5874,Residential,Single Family,,,,POINT (-73.224010008 41.155001009)
21361,2021,06/01/2022,Farmington,21 ASH CT,150290.00,300000.00,0.5009,Residential,Condo,,,,POINT (-72.877969003 41.730573979)
211894,2021,07/13/2022,Bridgeport,174 JONES AVE #176,140160.00,293028.00,0.478316065,Residential,Two Family,25 - Other,,TWO SALES SAME DAY - ALSO SEE  #211893,POINT (-73.199428987 41.18391099)
210562,2021,02/28/2022,New Britain,15-19 PROSPECT ST,26110.00,50000.00,0.5222,Residential,Condo,,,,POINT (-72.784050029 41.664930015)
2100209,2021,01/11/2022,Naugatuck,39 HARLOW ST,128590.00,260000.00,0.4945,Residential,Single Family,,,,POINT (-73.082276971 41.495921007)
210346,2021,07/05/2022,New Canaan,95 INDIAN WATERS DR,1890000.00,3160000.00,0.5981,Residential,Single Family,,,,POINT (-73.507078026 41.131935982)
20006,2002,11/19/2002,Chaplin,CROSS RD,0.00,27000.00,0,,,28,,,
210136,2021,03/23/2022,Derby,116-120 HAWTHORNE AVE,133140.00,421000.00,0.3162,Residential,Three Family,,,,POINT (-73.096056987 41.327268021)
21567,2021,09/14/2022,Farmington,22 RED STONE WAY 56,140240.00,265100.00,0.529,Residential,Condo,,,,POINT (-72.875843017 41.729568989)
210657,2021,12/29/2021,Bridgeport,135 DOGWOOD DR,149910.00,355000.00,0.4222,Residential,Single Family,,,,POINT (-73.199396968 41.223654999)
210176,2021,05/27/2022,Coventry,307 SAM GREEN RD,144200.00,325000.00,0.4436,Residential,Single Family,,,,POINT (-72.335396005 41.794073014)
21000453,2021,08/05/2022,Cheshire,1181 TUCKER RD,217900.00,430000.00,0.5067,Residential,Single Family,,,,POINT (-72.938086024 41.511164001)
210900,2021,04/27/2022,Danbury,11 SCUPPO RD 402,140500.00,360000.00,0.3902,Residential,Condo,,F14072-402,,POINT (-73.480261971 41.392119979)
21067,2021,01/06/2022,Burlington,15 DUANE LN,202720.00,370000.00,0.5478,Residential,Single Family,,,,POINT (-72.992086016 41.791486988)
211279,2021,04/04/2022,Bridgeport,255 HARLEM AVE,149070.00,235000.00,0.634340426,Residential,Single Family,,,,POINT (-73.209875018 41.200444)
210488,2021,02/23/2022,Hamden,204 SOUTH NEW RD,112350.00,225000.00,0.4993,Residential,Single Family,,,,POINT (-72.895851039 41.402949985)
21072,2021,01/18/2022,East Haddam,12 SHORE RD,160960.00,255000.00,0.631215686,Residential,Single Family,,,,POINT (-72.408254022 41.503612996)
210220,2021,07/25/2022,Canton,49 CHURCH ST,4550.00,20000.00,0.2275,Vacant Land,,16 - Charitable Group,,,POINT (-72.927052032 41.809284219)
210848,2021,05/20/2022,New Britain,66 PINEHURST AVE,104790.00,250000.00,0.4191,Residential,Single Family,,,,POINT (-72.806782002 41.678183019)
210020,2021,10/19/2021,Madison,597 GREEN HILL RD,85800.00,225000.00,0.3813,Vacant Land,,12 - Non Buildable Lot,sale to abutter,,POINT (-72.599667859 41.308368085)
2100207,2021,01/10/2022,Naugatuck,120 MAY ST,117030.00,280629.00,0.417027463,Residential,Single Family,07 - Change in Property,,TOTAL RENOVATION PER MLS,POINT (-73.042882026 41.489281995)
211214,2021,09/01/2022,Hamden,661 SHEPARD AVE,181580.00,360000.00,0.5043,Residential,Single Family,,,,POINT (-72.922403986 41.392186993)
21087,2021,12/20/2021,Darien,69 MAPLE ST,409290.00,604000.00,0.6776,Residential,Single Family,,,,POINT (-73.495596998 41.06743401)
210045,2021,11/03/2021,Ledyard,93 MEETINGHOUSE LN,134890.00,146750.00,0.9191,Residential,Single Family,18 - In Lieu Of Foreclosure,,,POINT (-71.975890981 41.43502602)
2100543,2021,07/19/2022,Naugatuck,607 MILLVILLE AVE 7-2,52840.00,132000.00,0.4003,Residential,Condo,,,,POINT (-73.075223012 41.495850012)
211691,2021,06/07/2022,Bridgeport,200 STRATFIELD PL,151200.00,349900.00,0.4321,Residential,Single Family,,,,POINT (-73.219977977 41.203053999)
21096,2021,12/13/2021,Bethel,38 RIDGEDALE ROAD,221060.00,443000.00,0.499,Residential,Single Family,,,,POINT (-73.393428975 41.408771007)
211010,2021,02/24/2022,Bridgeport,881 LAFAYETTE BLVD UNIT #4H,87050.00,175000.00,0.497428571,Residential,Single Family,,,,POINT (-73.192716005 41.17455402)
210232,2021,05/02/2022,Bloomfield,47 HUBBARD STREET,110600.00,235000.00,0.4706,Residential,Single Family,,,,POINT (-72.697610982 41.808711002)
210192,2021,03/01/2022,Killingly,57 JUDD AVE,100590.00,230000.00,0.4373,Residential,Single Family,,,,POINT (-71.881095009 41.820642013)
218427,2021,08/08/2022,Middletown,234 SOUTH MAIN ST UNIT 416,112460.00,240000.00,0.4685,Residential,Condo,,,,POINT (-72.649202977 41.549857003)
218076,2021,04/11/2022,Middletown,531 ATKINS ST,129700.00,132500.00,0.9788,Residential,Single Family,08 - Part Interest,,,POINT (-72.73648298 41.580098994)
210138,2021,10/27/2021,Danbury,61 BALL POND,232600.00,499900.00,0.4652,Residential,Single Family,,C06012,,POINT (-73.513353976 41.445192011)
210114,2021,12/30/2021,Bloomfield,41 SHARON STREET,139930.00,280000.00,0.4997,Residential,Single Family,,,,POINT (-72.700343629 41.789421856)
210013,2021,10/18/2021,East Hampton,20 MARK TWAIN DR,118600.00,175000.00,0.6777,Residential,Single Family,,,,POINT (-72.49289096 41.594475006)
210187,2021,11/10/2021,Bristol,25 ROGERS RD,177800.00,292000.00,0.6089,Residential,Single Family,,,,POINT (-72.887033025 41.665679986)
21062,2021,10/29/2021,Farmington,10 OAKLAND AV,136190.00,280000.00,0.4863,Residential,Single Family,,,,POINT (-72.788939026 41.743636002)
210104,2021,01/18/2022,East Hampton,34 LONG HILL RD,152470.00,330000.00,0.462,Residential,Single Family,,,,POINT (-72.548594993 41.558411993)
2100144,2021,04/18/2022,New Fairfield,4 JOELS DR,251300.00,350000.00,0.718,Residential,Single Family,,,,POINT (-73.503859962 41.479195003)
210125,2021,04/01/2022,Litchfield,88 WIGWAM RD,326280.00,1383200.00,0.235887796,Residential,Single Family,28 - Use Assessment,,"PER MLS SALE PRICE = $1,520,000, TWO DEEDS ON TOWN CARD",POINT (-73.134556996 41.700734991)
211561,2021,05/11/2022,Bridgeport,315 WILLIAM ST,179039.00,425000.00,0.421268235,Residential,Single Family,07 - Change in Property,IMPROVED MADE INTO A FARM (NO PERMIT),,POINT (-73.186365037 41.188684987)
21251,2021,03/23/2022,Guilford,379 WHITFIELD ST CN2146,13440.00,53500.00,0.2512,Residential,Condo,,DOCKOMINIUM/BOAT SLIP,,POINT (-72.677426736 41.277981372)
211796,2021,06/27/2022,Bridgeport,25 CARTRIGHT ST UNIT #4B,58740.00,140000.00,0.4195,Residential,Condo,,,,POINT (-73.219296026 41.177733988)
210245,2021,05/23/2022,Avon,100 ROSEWOOD ROAD,266780.00,550000.00,0.485,Residential,Single Family,,,,POINT (-72.838580009 41.819741)
2100330,2021,03/21/2022,Naugatuck,22 GROVE ST,129860.00,250000.00,0.5194,Residential,Single Family,,,,POINT (-73.058100964 41.496865983)
210225,2021,11/02/2021,Bridgeport,597 HUNTINGTON TPKE,183181.00,350000.00,0.5233,Residential,Single Family,25 - Other,EXECUTOR'S DEED,,POINT (-73.17258896 41.21683498)
211417,2021,04/21/2022,Bridgeport,325 LAFAYETTE UNIT # 8111,48710.00,125000.00,0.3896,Residential,Condo,,,,POINT (-73.189155037 41.167946985)
210120,2021,07/11/2022,Easton,35 WEST ROAD,693980.00,1220000.00,0.5688,Residential,Single Family,,,,POINT (-73.321553987 41.213977002)
21293,2021,06/23/20